<?xml version="1.0" encoding="UTF-8"?>
<!DOCTYPE mapper PUBLIC "-//mybatis.org//DTD Mapper 3.0//EN" 
"http://mybatis.org/dtd/mybatis-3-mapper.dtd">

<!-- ACT_HI_ATTACHMENT[act_hi_attachment]SQLMapper自动映射 -->
<!--  注意:此文件由AOS平台自动生成-禁止手工修改 2018-12-18 15:50:45 -->
<mapper namespace="cn.osworks.aos.system.dao.mapper.Act_hi_attachmentMapper">
	
	<!-- 插入一个数据持久化对象(插入字段为传入PO实体的非空属性) -->
	<insert id="insert"  parameterType="Act_hi_attachmentPO">
		INSERT INTO act_hi_attachment (
		<if test="rev_ != null">
	         rev_, <!-- REV_ -->
		</if>
		<if test="user_id_ != null and user_id_ != ''">
	         user_id_, <!-- USER_ID_ -->
		</if>
		<if test="name_ != null and name_ != ''">
	         name_, <!-- NAME_ -->
		</if>
		<if test="description_ != null and description_ != ''">
	         description_, <!-- DESCRIPTION_ -->
		</if>
		<if test="type_ != null and type_ != ''">
	         type_, <!-- TYPE_ -->
		</if>
		<if test="task_id_ != null and task_id_ != ''">
	         task_id_, <!-- TASK_ID_ -->
		</if>
		<if test="proc_inst_id_ != null and proc_inst_id_ != ''">
	         proc_inst_id_, <!-- PROC_INST_ID_ -->
		</if>
		<if test="url_ != null and url_ != ''">
	         url_, <!-- URL_ -->
		</if>
		<if test="content_id_ != null and content_id_ != ''">
	         content_id_, <!-- CONTENT_ID_ -->
		</if>
		<if test="time_ != null and time_ != ''">
	         time_, <!-- TIME_ -->
		</if>
		<if test="id_ != null and id_ != ''">
	          id_  <!-- ID_ -->
	   </if>
		)VALUES(
		<if test="rev_ != null">
	          #{rev_, jdbcType=INTEGER}, <!-- REV_ -->
	    </if>
		<if test="user_id_ != null and user_id_ != ''">
	          #{user_id_, jdbcType=VARCHAR}, <!-- USER_ID_ -->
	    </if>
		<if test="name_ != null and name_ != ''">
	          #{name_, jdbcType=VARCHAR}, <!-- NAME_ -->
	    </if>
		<if test="description_ != null and description_ != ''">
	          #{description_, jdbcType=VARCHAR}, <!-- DESCRIPTION_ -->
	    </if>
		<if test="type_ != null and type_ != ''">
	          #{type_, jdbcType=VARCHAR}, <!-- TYPE_ -->
	    </if>
		<if test="task_id_ != null and task_id_ != ''">
	          #{task_id_, jdbcType=VARCHAR}, <!-- TASK_ID_ -->
	    </if>
		<if test="proc_inst_id_ != null and proc_inst_id_ != ''">
	          #{proc_inst_id_, jdbcType=VARCHAR}, <!-- PROC_INST_ID_ -->
	    </if>
		<if test="url_ != null and url_ != ''">
	          #{url_, jdbcType=VARCHAR}, <!-- URL_ -->
	    </if>
		<if test="content_id_ != null and content_id_ != ''">
	          #{content_id_, jdbcType=VARCHAR}, <!-- CONTENT_ID_ -->
	    </if>
		<if test="time_ != null and time_ != ''">
	          #{time_, jdbcType=VARCHAR}, <!-- TIME_ -->
	    </if>
		<if test="id_ != null and id_ != ''">
		     #{id_, jdbcType=VARCHAR}  <!-- ID_ -->
	    </if>
		)
	</insert>
	
	<!-- 插入一个数据持久化对象(含所有字段) -->
	<insert id="insertAll"  parameterType="Act_hi_attachmentPO">
		INSERT INTO act_hi_attachment (
		    <include refid="column" />
		)
		VALUES (
		    #{id_, jdbcType=VARCHAR},  <!-- ID_ -->
		    #{rev_, jdbcType=INTEGER},  <!-- REV_ -->
		    #{user_id_, jdbcType=VARCHAR},  <!-- USER_ID_ -->
		    #{name_, jdbcType=VARCHAR},  <!-- NAME_ -->
		    #{description_, jdbcType=VARCHAR},  <!-- DESCRIPTION_ -->
		    #{type_, jdbcType=VARCHAR},  <!-- TYPE_ -->
		    #{task_id_, jdbcType=VARCHAR},  <!-- TASK_ID_ -->
		    #{proc_inst_id_, jdbcType=VARCHAR},  <!-- PROC_INST_ID_ -->
		    #{url_, jdbcType=VARCHAR},  <!-- URL_ -->
		    #{content_id_, jdbcType=VARCHAR},  <!-- CONTENT_ID_ -->
		    #{time_, jdbcType=VARCHAR}  <!-- TIME_ -->
		)
	</insert>

	<!-- 根据主键修改数据持久化对象 -->
	<update id="updateByKey" parameterType="Act_hi_attachmentPO">
		UPDATE act_hi_attachment
		<set>
			<if test="id_ != null">
		          id_ = #{id_, jdbcType=VARCHAR},  <!-- ID_ -->
			</if>
			<if test="rev_ != null">
		          rev_ = #{rev_, jdbcType=INTEGER},  <!-- REV_ -->
			</if>
			<if test="user_id_ != null">
		          user_id_ = #{user_id_, jdbcType=VARCHAR},  <!-- USER_ID_ -->
			</if>
			<if test="name_ != null">
		          name_ = #{name_, jdbcType=VARCHAR},  <!-- NAME_ -->
			</if>
			<if test="description_ != null">
		          description_ = #{description_, jdbcType=VARCHAR},  <!-- DESCRIPTION_ -->
			</if>
			<if test="type_ != null">
		          type_ = #{type_, jdbcType=VARCHAR},  <!-- TYPE_ -->
			</if>
			<if test="task_id_ != null">
		          task_id_ = #{task_id_, jdbcType=VARCHAR},  <!-- TASK_ID_ -->
			</if>
			<if test="proc_inst_id_ != null">
		          proc_inst_id_ = #{proc_inst_id_, jdbcType=VARCHAR},  <!-- PROC_INST_ID_ -->
			</if>
			<if test="url_ != null">
		          url_ = #{url_, jdbcType=VARCHAR},  <!-- URL_ -->
			</if>
			<if test="content_id_ != null">
		          content_id_ = #{content_id_, jdbcType=VARCHAR},  <!-- CONTENT_ID_ -->
			</if>
			<if test="time_ != null">
		          time_ = #{time_, jdbcType=VARCHAR},  <!-- TIME_ -->
			</if>
		</set>
		WHERE  id_ = #{id_}
	</update>
	
	<!-- 根据主键删除数据持久化对象 -->
	<delete id="deleteByKey">
		DELETE FROM act_hi_attachment WHERE  id_ = #{id_}
	</delete>

	<!-- 根据主键查询并返回数据持久化对象 -->
	<select id="selectByKey" resultType="Act_hi_attachmentPO">
		SELECT
		<include refid="column" />
		FROM act_hi_attachment WHERE  id_ = #{id_}
	</select>

	<!-- 根据唯一组合条件查询并返回数据持久化对象 -->
	<select id="selectOne" parameterType="Dto" resultType="Act_hi_attachmentPO">
		SELECT
		    <include refid="column" />
		FROM act_hi_attachment
		<where>
		    <include refid="equal" />
		</where>		
	</select>

	<!-- 根据Dto查询并返回数据持久化对象集合 -->
	<select id="list" parameterType="Dto" resultType="Act_hi_attachmentPO">
		SELECT
			<include refid="column" />	
		FROM act_hi_attachment
		<where>
		    <include refid="equal" />
		</where>	
	</select>

	<!-- 根据Dto查询并返回分页数据持久化对象集合 -->
	<select id="listPage" parameterType="Dto" resultType="Act_hi_attachmentPO" useCache="false">
	    SELECT
			<include refid="column" />	
		FROM act_hi_attachment
		<where>
		    <include refid="equal" />
		</where>	
	</select>
	
	<!-- 根据Dto模糊查询并返回数据持久化对象集合(字符型字段模糊匹配，其余字段精确匹配) -->
	<select id="like" parameterType="Dto" resultType="Act_hi_attachmentPO">
		SELECT
			<include refid="column" />	
		FROM act_hi_attachment
		<where>
		    <include refid="like" />
		</where>	
	</select>

	<!-- 根据Dto模糊查询并返回分页数据持久化对象集合(字符型字段模糊匹配，其余字段精确匹配) -->
	<select id="likePage" parameterType="Dto" resultType="Act_hi_attachmentPO" useCache="false">
	    SELECT
			<include refid="column" />	
		FROM act_hi_attachment
		<where>
		    <include refid="like" />
		</where>	
	</select>
	
	<!-- 根据Dto统计行数 -->
	<select id="rows" resultType="Integer" parameterType="Dto">
		SELECT COUNT(1) AS aos_rows_ FROM act_hi_attachment
		<where>
		    <include refid="equal" />
		</where>
	</select>
	
	<!-- 根据数学表达式进行数学运算 -->
	<select id="calc" parameterType="Dto" resultType="String">
		SELECT
			${_expr}
		FROM act_hi_attachment
		<where>
		    <include refid="equal" />
		</where>
	</select>
	
	<!-- 表字段 -->
	<sql id="column">
		  id_,  <!-- ID_ -->
		  rev_,  <!-- REV_ -->
		  user_id_,  <!-- USER_ID_ -->
		  name_,  <!-- NAME_ -->
		  description_,  <!-- DESCRIPTION_ -->
		  type_,  <!-- TYPE_ -->
		  task_id_,  <!-- TASK_ID_ -->
		  proc_inst_id_,  <!-- PROC_INST_ID_ -->
		  url_,  <!-- URL_ -->
		  content_id_,  <!-- CONTENT_ID_ -->
		  time_  <!-- TIME_ -->
	</sql>
	
	<!-- 表字段(用于外表的关联时引用) -->
	<sql id="column2">
		  act_hi_attachment.id_,  <!-- ID_ -->
		  act_hi_attachment.rev_,  <!-- REV_ -->
		  act_hi_attachment.user_id_,  <!-- USER_ID_ -->
		  act_hi_attachment.name_,  <!-- NAME_ -->
		  act_hi_attachment.description_,  <!-- DESCRIPTION_ -->
		  act_hi_attachment.type_,  <!-- TYPE_ -->
		  act_hi_attachment.task_id_,  <!-- TASK_ID_ -->
		  act_hi_attachment.proc_inst_id_,  <!-- PROC_INST_ID_ -->
		  act_hi_attachment.url_,  <!-- URL_ -->
		  act_hi_attachment.content_id_,  <!-- CONTENT_ID_ -->
		  act_hi_attachment.time_  <!-- TIME_ -->
	</sql>

	<!-- Where精确匹配字段 -->
	<sql id="equal">
	    <if test="id_ != null and id_ != ''">
		      AND id_ = #{id_}  <!-- ID_ -->
		</if>
	   <if test="rev_ != null ">
		      AND rev_ = #{rev_}  <!-- REV_ -->
		</if>
	    <if test="user_id_ != null and user_id_ != ''">
		      AND user_id_ = #{user_id_}  <!-- USER_ID_ -->
		</if>
	    <if test="name_ != null and name_ != ''">
		      AND name_ = #{name_}  <!-- NAME_ -->
		</if>
	    <if test="description_ != null and description_ != ''">
		      AND description_ = #{description_}  <!-- DESCRIPTION_ -->
		</if>
	    <if test="type_ != null and type_ != ''">
		      AND type_ = #{type_}  <!-- TYPE_ -->
		</if>
	    <if test="task_id_ != null and task_id_ != ''">
		      AND task_id_ = #{task_id_}  <!-- TASK_ID_ -->
		</if>
	    <if test="proc_inst_id_ != null and proc_inst_id_ != ''">
		      AND proc_inst_id_ = #{proc_inst_id_}  <!-- PROC_INST_ID_ -->
		</if>
	    <if test="url_ != null and url_ != ''">
		      AND url_ = #{url_}  <!-- URL_ -->
		</if>
	    <if test="content_id_ != null and content_id_ != ''">
		      AND content_id_ = #{content_id_}  <!-- CONTENT_ID_ -->
		</if>
	    <if test="time_ != null and time_ != ''">
		      AND time_ = #{time_}  <!-- TIME_ -->
		</if>
	</sql>
	
	<!-- Where模糊匹配字段 -->
	<sql id="like">
	    <if test="id_ != null and id_ != ''">
		      AND id_ like '%${id_}%'  <!-- ID_ -->
		</if>
	    <if test="user_id_ != null and user_id_ != ''">
		      AND user_id_ like '%${user_id_}%'  <!-- USER_ID_ -->
		</if>
	    <if test="name_ != null and name_ != ''">
		      AND name_ like '%${name_}%'  <!-- NAME_ -->
		</if>
	    <if test="description_ != null and description_ != ''">
		      AND description_ like '%${description_}%'  <!-- DESCRIPTION_ -->
		</if>
	    <if test="type_ != null and type_ != ''">
		      AND type_ like '%${type_}%'  <!-- TYPE_ -->
		</if>
	    <if test="task_id_ != null and task_id_ != ''">
		      AND task_id_ like '%${task_id_}%'  <!-- TASK_ID_ -->
		</if>
	    <if test="proc_inst_id_ != null and proc_inst_id_ != ''">
		      AND proc_inst_id_ like '%${proc_inst_id_}%'  <!-- PROC_INST_ID_ -->
		</if>
	    <if test="url_ != null and url_ != ''">
		      AND url_ like '%${url_}%'  <!-- URL_ -->
		</if>
	    <if test="content_id_ != null and content_id_ != ''">
		      AND content_id_ like '%${content_id_}%'  <!-- CONTENT_ID_ -->
		</if>
	    <if test="time_ != null and time_ != ''">
		      AND time_ like '%${time_}%'  <!-- TIME_ -->
		</if>
	</sql>
	
</mapper>