<?xml version="1.0" encoding="UTF-8"?>
<!DOCTYPE mapper PUBLIC "-//mybatis.org//DTD Mapper 3.0//EN" 
"http://mybatis.org/dtd/mybatis-3-mapper.dtd">

<!-- ACT_ID_INFO[act_id_info]SQLMapper自动映射 -->
<!--  注意:此文件由AOS平台自动生成-禁止手工修改 2018-12-18 15:50:46 -->
<mapper namespace="cn.osworks.aos.system.dao.mapper.Act_id_infoMapper">
	
	<!-- 插入一个数据持久化对象(插入字段为传入PO实体的非空属性) -->
	<insert id="insert"  parameterType="Act_id_infoPO">
		INSERT INTO act_id_info (
		<if test="rev_ != null">
	         rev_, <!-- REV_ -->
		</if>
		<if test="user_id_ != null and user_id_ != ''">
	         user_id_, <!-- USER_ID_ -->
		</if>
		<if test="type_ != null and type_ != ''">
	         type_, <!-- TYPE_ -->
		</if>
		<if test="key_ != null and key_ != ''">
	         key_, <!-- KEY_ -->
		</if>
		<if test="value_ != null and value_ != ''">
	         value_, <!-- VALUE_ -->
		</if>
		<if test="password_ != null and password_ != ''">
	         password_, <!-- PASSWORD_ -->
		</if>
		<if test="parent_id_ != null and parent_id_ != ''">
	         parent_id_, <!-- PARENT_ID_ -->
		</if>
		<if test="id_ != null and id_ != ''">
	          id_  <!-- ID_ -->
	   </if>
		)VALUES(
		<if test="rev_ != null">
	          #{rev_, jdbcType=INTEGER}, <!-- REV_ -->
	    </if>
		<if test="user_id_ != null and user_id_ != ''">
	          #{user_id_, jdbcType=VARCHAR}, <!-- USER_ID_ -->
	    </if>
		<if test="type_ != null and type_ != ''">
	          #{type_, jdbcType=VARCHAR}, <!-- TYPE_ -->
	    </if>
		<if test="key_ != null and key_ != ''">
	          #{key_, jdbcType=VARCHAR}, <!-- KEY_ -->
	    </if>
		<if test="value_ != null and value_ != ''">
	          #{value_, jdbcType=VARCHAR}, <!-- VALUE_ -->
	    </if>
		<if test="password_ != null and password_ != ''">
	          #{password_, jdbcType=VARCHAR}, <!-- PASSWORD_ -->
	    </if>
		<if test="parent_id_ != null and parent_id_ != ''">
	          #{parent_id_, jdbcType=VARCHAR}, <!-- PARENT_ID_ -->
	    </if>
		<if test="id_ != null and id_ != ''">
		     #{id_, jdbcType=VARCHAR}  <!-- ID_ -->
	    </if>
		)
	</insert>
	
	<!-- 插入一个数据持久化对象(含所有字段) -->
	<insert id="insertAll"  parameterType="Act_id_infoPO">
		INSERT INTO act_id_info (
		    <include refid="column" />
		)
		VALUES (
		    #{id_, jdbcType=VARCHAR},  <!-- ID_ -->
		    #{rev_, jdbcType=INTEGER},  <!-- REV_ -->
		    #{user_id_, jdbcType=VARCHAR},  <!-- USER_ID_ -->
		    #{type_, jdbcType=VARCHAR},  <!-- TYPE_ -->
		    #{key_, jdbcType=VARCHAR},  <!-- KEY_ -->
		    #{value_, jdbcType=VARCHAR},  <!-- VALUE_ -->
		    #{password_, jdbcType=VARCHAR},  <!-- PASSWORD_ -->
		    #{parent_id_, jdbcType=VARCHAR}  <!-- PARENT_ID_ -->
		)
	</insert>

	<!-- 根据主键修改数据持久化对象 -->
	<update id="updateByKey" parameterType="Act_id_infoPO">
		UPDATE act_id_info
		<set>
			<if test="id_ != null">
		          id_ = #{id_, jdbcType=VARCHAR},  <!-- ID_ -->
			</if>
			<if test="rev_ != null">
		          rev_ = #{rev_, jdbcType=INTEGER},  <!-- REV_ -->
			</if>
			<if test="user_id_ != null">
		          user_id_ = #{user_id_, jdbcType=VARCHAR},  <!-- USER_ID_ -->
			</if>
			<if test="type_ != null">
		          type_ = #{type_, jdbcType=VARCHAR},  <!-- TYPE_ -->
			</if>
			<if test="key_ != null">
		          key_ = #{key_, jdbcType=VARCHAR},  <!-- KEY_ -->
			</if>
			<if test="value_ != null">
		          value_ = #{value_, jdbcType=VARCHAR},  <!-- VALUE_ -->
			</if>
			<if test="password_ != null">
		          password_ = #{password_, jdbcType=VARCHAR},  <!-- PASSWORD_ -->
			</if>
			<if test="parent_id_ != null">
		          parent_id_ = #{parent_id_, jdbcType=VARCHAR},  <!-- PARENT_ID_ -->
			</if>
		</set>
		WHERE  id_ = #{id_}
	</update>
	
	<!-- 根据主键删除数据持久化对象 -->
	<delete id="deleteByKey">
		DELETE FROM act_id_info WHERE  id_ = #{id_}
	</delete>

	<!-- 根据主键查询并返回数据持久化对象 -->
	<select id="selectByKey" resultType="Act_id_infoPO">
		SELECT
		<include refid="column" />
		FROM act_id_info WHERE  id_ = #{id_}
	</select>

	<!-- 根据唯一组合条件查询并返回数据持久化对象 -->
	<select id="selectOne" parameterType="Dto" resultType="Act_id_infoPO">
		SELECT
		    <include refid="column" />
		FROM act_id_info
		<where>
		    <include refid="equal" />
		</where>		
	</select>

	<!-- 根据Dto查询并返回数据持久化对象集合 -->
	<select id="list" parameterType="Dto" resultType="Act_id_infoPO">
		SELECT
			<include refid="column" />	
		FROM act_id_info
		<where>
		    <include refid="equal" />
		</where>	
	</select>

	<!-- 根据Dto查询并返回分页数据持久化对象集合 -->
	<select id="listPage" parameterType="Dto" resultType="Act_id_infoPO" useCache="false">
	    SELECT
			<include refid="column" />	
		FROM act_id_info
		<where>
		    <include refid="equal" />
		</where>	
	</select>
	
	<!-- 根据Dto模糊查询并返回数据持久化对象集合(字符型字段模糊匹配，其余字段精确匹配) -->
	<select id="like" parameterType="Dto" resultType="Act_id_infoPO">
		SELECT
			<include refid="column" />	
		FROM act_id_info
		<where>
		    <include refid="like" />
		</where>	
	</select>

	<!-- 根据Dto模糊查询并返回分页数据持久化对象集合(字符型字段模糊匹配，其余字段精确匹配) -->
	<select id="likePage" parameterType="Dto" resultType="Act_id_infoPO" useCache="false">
	    SELECT
			<include refid="column" />	
		FROM act_id_info
		<where>
		    <include refid="like" />
		</where>	
	</select>
	
	<!-- 根据Dto统计行数 -->
	<select id="rows" resultType="Integer" parameterType="Dto">
		SELECT COUNT(1) AS aos_rows_ FROM act_id_info
		<where>
		    <include refid="equal" />
		</where>
	</select>
	
	<!-- 根据数学表达式进行数学运算 -->
	<select id="calc" parameterType="Dto" resultType="String">
		SELECT
			${_expr}
		FROM act_id_info
		<where>
		    <include refid="equal" />
		</where>
	</select>
	
	<!-- 表字段 -->
	<sql id="column">
		  id_,  <!-- ID_ -->
		  rev_,  <!-- REV_ -->
		  user_id_,  <!-- USER_ID_ -->
		  type_,  <!-- TYPE_ -->
		  key_,  <!-- KEY_ -->
		  value_,  <!-- VALUE_ -->
		  password_,  <!-- PASSWORD_ -->
		  parent_id_  <!-- PARENT_ID_ -->
	</sql>
	
	<!-- 表字段(用于外表的关联时引用) -->
	<sql id="column2">
		  act_id_info.id_,  <!-- ID_ -->
		  act_id_info.rev_,  <!-- REV_ -->
		  act_id_info.user_id_,  <!-- USER_ID_ -->
		  act_id_info.type_,  <!-- TYPE_ -->
		  act_id_info.key_,  <!-- KEY_ -->
		  act_id_info.value_,  <!-- VALUE_ -->
		  act_id_info.password_,  <!-- PASSWORD_ -->
		  act_id_info.parent_id_  <!-- PARENT_ID_ -->
	</sql>

	<!-- Where精确匹配字段 -->
	<sql id="equal">
	    <if test="id_ != null and id_ != ''">
		      AND id_ = #{id_}  <!-- ID_ -->
		</if>
	   <if test="rev_ != null ">
		      AND rev_ = #{rev_}  <!-- REV_ -->
		</if>
	    <if test="user_id_ != null and user_id_ != ''">
		      AND user_id_ = #{user_id_}  <!-- USER_ID_ -->
		</if>
	    <if test="type_ != null and type_ != ''">
		      AND type_ = #{type_}  <!-- TYPE_ -->
		</if>
	    <if test="key_ != null and key_ != ''">
		      AND key_ = #{key_}  <!-- KEY_ -->
		</if>
	    <if test="value_ != null and value_ != ''">
		      AND value_ = #{value_}  <!-- VALUE_ -->
		</if>
	    <if test="password_ != null and password_ != ''">
		      AND password_ = #{password_}  <!-- PASSWORD_ -->
		</if>
	    <if test="parent_id_ != null and parent_id_ != ''">
		      AND parent_id_ = #{parent_id_}  <!-- PARENT_ID_ -->
		</if>
	</sql>
	
	<!-- Where模糊匹配字段 -->
	<sql id="like">
	    <if test="id_ != null and id_ != ''">
		      AND id_ like '%${id_}%'  <!-- ID_ -->
		</if>
	    <if test="user_id_ != null and user_id_ != ''">
		      AND user_id_ like '%${user_id_}%'  <!-- USER_ID_ -->
		</if>
	    <if test="type_ != null and type_ != ''">
		      AND type_ like '%${type_}%'  <!-- TYPE_ -->
		</if>
	    <if test="key_ != null and key_ != ''">
		      AND key_ like '%${key_}%'  <!-- KEY_ -->
		</if>
	    <if test="value_ != null and value_ != ''">
		      AND value_ like '%${value_}%'  <!-- VALUE_ -->
		</if>
	    <if test="password_ != null and password_ != ''">
		      AND password_ like '%${password_}%'  <!-- PASSWORD_ -->
		</if>
	    <if test="parent_id_ != null and parent_id_ != ''">
		      AND parent_id_ like '%${parent_id_}%'  <!-- PARENT_ID_ -->
		</if>
	</sql>
	
</mapper>