<?xml version="1.0" encoding="UTF-8"?>
<!DOCTYPE mapper PUBLIC "-//mybatis.org//DTD Mapper 3.0//EN" 
"http://mybatis.org/dtd/mybatis-3-mapper.dtd">

<!-- ACT_GE_BYTEARRAY[act_ge_bytearray]SQLMapper自动映射 -->
<!--  注意:此文件由AOS平台自动生成-禁止手工修改 2018-12-18 15:50:45 -->
<mapper namespace="cn.osworks.aos.system.dao.mapper.Act_ge_bytearrayMapper">
	
	<!-- 插入一个数据持久化对象(插入字段为传入PO实体的非空属性) -->
	<insert id="insert"  parameterType="Act_ge_bytearrayPO">
		INSERT INTO act_ge_bytearray (
		<if test="rev_ != null">
	         rev_, <!-- REV_ -->
		</if>
		<if test="name_ != null and name_ != ''">
	         name_, <!-- NAME_ -->
		</if>
		<if test="deployment_id_ != null and deployment_id_ != ''">
	         deployment_id_, <!-- DEPLOYMENT_ID_ -->
		</if>
		<if test="bytes_ != null and bytes_ != ''">
	         bytes_, <!-- BYTES_ -->
		</if>
		<if test="generated_ != null">
	         generated_, <!-- GENERATED_ -->
		</if>
		<if test="id_ != null and id_ != ''">
	          id_  <!-- ID_ -->
	   </if>
		)VALUES(
		<if test="rev_ != null">
	          #{rev_, jdbcType=INTEGER}, <!-- REV_ -->
	    </if>
		<if test="name_ != null and name_ != ''">
	          #{name_, jdbcType=VARCHAR}, <!-- NAME_ -->
	    </if>
		<if test="deployment_id_ != null and deployment_id_ != ''">
	          #{deployment_id_, jdbcType=VARCHAR}, <!-- DEPLOYMENT_ID_ -->
	    </if>
		<if test="bytes_ != null and bytes_ != ''">
	          #{bytes_, jdbcType=VARCHAR}, <!-- BYTES_ -->
	    </if>
		<if test="generated_ != null">
	          #{generated_, jdbcType=INTEGER}, <!-- GENERATED_ -->
	    </if>
		<if test="id_ != null and id_ != ''">
		     #{id_, jdbcType=VARCHAR}  <!-- ID_ -->
	    </if>
		)
	</insert>
	
	<!-- 插入一个数据持久化对象(含所有字段) -->
	<insert id="insertAll"  parameterType="Act_ge_bytearrayPO">
		INSERT INTO act_ge_bytearray (
		    <include refid="column" />
		)
		VALUES (
		    #{id_, jdbcType=VARCHAR},  <!-- ID_ -->
		    #{rev_, jdbcType=INTEGER},  <!-- REV_ -->
		    #{name_, jdbcType=VARCHAR},  <!-- NAME_ -->
		    #{deployment_id_, jdbcType=VARCHAR},  <!-- DEPLOYMENT_ID_ -->
		    #{bytes_, jdbcType=VARCHAR},  <!-- BYTES_ -->
		    #{generated_, jdbcType=INTEGER}  <!-- GENERATED_ -->
		)
	</insert>

	<!-- 根据主键修改数据持久化对象 -->
	<update id="updateByKey" parameterType="Act_ge_bytearrayPO">
		UPDATE act_ge_bytearray
		<set>
			<if test="id_ != null">
		          id_ = #{id_, jdbcType=VARCHAR},  <!-- ID_ -->
			</if>
			<if test="rev_ != null">
		          rev_ = #{rev_, jdbcType=INTEGER},  <!-- REV_ -->
			</if>
			<if test="name_ != null">
		          name_ = #{name_, jdbcType=VARCHAR},  <!-- NAME_ -->
			</if>
			<if test="deployment_id_ != null">
		          deployment_id_ = #{deployment_id_, jdbcType=VARCHAR},  <!-- DEPLOYMENT_ID_ -->
			</if>
			<if test="bytes_ != null">
		          bytes_ = #{bytes_, jdbcType=VARCHAR},  <!-- BYTES_ -->
			</if>
			<if test="generated_ != null">
		          generated_ = #{generated_, jdbcType=INTEGER},  <!-- GENERATED_ -->
			</if>
		</set>
		WHERE  id_ = #{id_}
	</update>
	
	<!-- 根据主键删除数据持久化对象 -->
	<delete id="deleteByKey">
		DELETE FROM act_ge_bytearray WHERE  id_ = #{id_}
	</delete>

	<!-- 根据主键查询并返回数据持久化对象 -->
	<select id="selectByKey" resultType="Act_ge_bytearrayPO">
		SELECT
		<include refid="column" />
		FROM act_ge_bytearray WHERE  id_ = #{id_}
	</select>

	<!-- 根据唯一组合条件查询并返回数据持久化对象 -->
	<select id="selectOne" parameterType="Dto" resultType="Act_ge_bytearrayPO">
		SELECT
		    <include refid="column" />
		FROM act_ge_bytearray
		<where>
		    <include refid="equal" />
		</where>		
	</select>

	<!-- 根据Dto查询并返回数据持久化对象集合 -->
	<select id="list" parameterType="Dto" resultType="Act_ge_bytearrayPO">
		SELECT
			<include refid="column" />	
		FROM act_ge_bytearray
		<where>
		    <include refid="equal" />
		</where>	
	</select>

	<!-- 根据Dto查询并返回分页数据持久化对象集合 -->
	<select id="listPage" parameterType="Dto" resultType="Act_ge_bytearrayPO" useCache="false">
	    SELECT
			<include refid="column" />	
		FROM act_ge_bytearray
		<where>
		    <include refid="equal" />
		</where>	
	</select>
	
	<!-- 根据Dto模糊查询并返回数据持久化对象集合(字符型字段模糊匹配，其余字段精确匹配) -->
	<select id="like" parameterType="Dto" resultType="Act_ge_bytearrayPO">
		SELECT
			<include refid="column" />	
		FROM act_ge_bytearray
		<where>
		    <include refid="like" />
		</where>	
	</select>

	<!-- 根据Dto模糊查询并返回分页数据持久化对象集合(字符型字段模糊匹配，其余字段精确匹配) -->
	<select id="likePage" parameterType="Dto" resultType="Act_ge_bytearrayPO" useCache="false">
	    SELECT
			<include refid="column" />	
		FROM act_ge_bytearray
		<where>
		    <include refid="like" />
		</where>	
	</select>
	
	<!-- 根据Dto统计行数 -->
	<select id="rows" resultType="Integer" parameterType="Dto">
		SELECT COUNT(1) AS aos_rows_ FROM act_ge_bytearray
		<where>
		    <include refid="equal" />
		</where>
	</select>
	
	<!-- 根据数学表达式进行数学运算 -->
	<select id="calc" parameterType="Dto" resultType="String">
		SELECT
			${_expr}
		FROM act_ge_bytearray
		<where>
		    <include refid="equal" />
		</where>
	</select>
	
	<!-- 表字段 -->
	<sql id="column">
		  id_,  <!-- ID_ -->
		  rev_,  <!-- REV_ -->
		  name_,  <!-- NAME_ -->
		  deployment_id_,  <!-- DEPLOYMENT_ID_ -->
		  bytes_,  <!-- BYTES_ -->
		  generated_  <!-- GENERATED_ -->
	</sql>
	
	<!-- 表字段(用于外表的关联时引用) -->
	<sql id="column2">
		  act_ge_bytearray.id_,  <!-- ID_ -->
		  act_ge_bytearray.rev_,  <!-- REV_ -->
		  act_ge_bytearray.name_,  <!-- NAME_ -->
		  act_ge_bytearray.deployment_id_,  <!-- DEPLOYMENT_ID_ -->
		  act_ge_bytearray.bytes_,  <!-- BYTES_ -->
		  act_ge_bytearray.generated_  <!-- GENERATED_ -->
	</sql>

	<!-- Where精确匹配字段 -->
	<sql id="equal">
	    <if test="id_ != null and id_ != ''">
		      AND id_ = #{id_}  <!-- ID_ -->
		</if>
	   <if test="rev_ != null ">
		      AND rev_ = #{rev_}  <!-- REV_ -->
		</if>
	    <if test="name_ != null and name_ != ''">
		      AND name_ = #{name_}  <!-- NAME_ -->
		</if>
	    <if test="deployment_id_ != null and deployment_id_ != ''">
		      AND deployment_id_ = #{deployment_id_}  <!-- DEPLOYMENT_ID_ -->
		</if>
	    <if test="bytes_ != null and bytes_ != ''">
		      AND bytes_ = #{bytes_}  <!-- BYTES_ -->
		</if>
	   <if test="generated_ != null ">
		      AND generated_ = #{generated_}  <!-- GENERATED_ -->
		</if>
	</sql>
	
	<!-- Where模糊匹配字段 -->
	<sql id="like">
	    <if test="id_ != null and id_ != ''">
		      AND id_ like '%${id_}%'  <!-- ID_ -->
		</if>
	    <if test="name_ != null and name_ != ''">
		      AND name_ like '%${name_}%'  <!-- NAME_ -->
		</if>
	    <if test="deployment_id_ != null and deployment_id_ != ''">
		      AND deployment_id_ like '%${deployment_id_}%'  <!-- DEPLOYMENT_ID_ -->
		</if>
	    <if test="bytes_ != null and bytes_ != ''">
		      AND bytes_ like '%${bytes_}%'  <!-- BYTES_ -->
		</if>
	</sql>
	
</mapper>