<?xml version="1.0" encoding="UTF-8"?>
<!DOCTYPE mapper PUBLIC "-//mybatis.org//DTD Mapper 3.0//EN" 
"http://mybatis.org/dtd/mybatis-3-mapper.dtd">

<!-- ACT_EVT_LOG[act_evt_log]SQLMapper自动映射 -->
<!--  注意:此文件由AOS平台自动生成-禁止手工修改 2018-12-18 15:50:45 -->
<mapper namespace="cn.osworks.aos.system.dao.mapper.Act_evt_logMapper">
	
	<!-- 插入一个数据持久化对象(插入字段为传入PO实体的非空属性) -->
	<insert id="insert"  parameterType="Act_evt_logPO">
		INSERT INTO act_evt_log (
		<if test="type_ != null and type_ != ''">
	         type_, <!-- TYPE_ -->
		</if>
		<if test="proc_def_id_ != null and proc_def_id_ != ''">
	         proc_def_id_, <!-- PROC_DEF_ID_ -->
		</if>
		<if test="proc_inst_id_ != null and proc_inst_id_ != ''">
	         proc_inst_id_, <!-- PROC_INST_ID_ -->
		</if>
		<if test="execution_id_ != null and execution_id_ != ''">
	         execution_id_, <!-- EXECUTION_ID_ -->
		</if>
		<if test="task_id_ != null and task_id_ != ''">
	         task_id_, <!-- TASK_ID_ -->
		</if>
		<if test="time_stamp_ != null and time_stamp_ != ''">
	         time_stamp_, <!-- TIME_STAMP_ -->
		</if>
		<if test="user_id_ != null and user_id_ != ''">
	         user_id_, <!-- USER_ID_ -->
		</if>
		<if test="data_ != null and data_ != ''">
	         data_, <!-- DATA_ -->
		</if>
		<if test="lock_owner_ != null and lock_owner_ != ''">
	         lock_owner_, <!-- LOCK_OWNER_ -->
		</if>
		<if test="lock_time_ != null and lock_time_ != ''">
	         lock_time_, <!-- LOCK_TIME_ -->
		</if>
		<if test="is_processed_ != null">
	         is_processed_, <!-- IS_PROCESSED_ -->
		</if>
		<if test="log_nr_ != null">
	          log_nr_  <!-- LOG_NR_ -->
	   </if>
		)VALUES(
		<if test="type_ != null and type_ != ''">
	          #{type_, jdbcType=VARCHAR}, <!-- TYPE_ -->
	    </if>
		<if test="proc_def_id_ != null and proc_def_id_ != ''">
	          #{proc_def_id_, jdbcType=VARCHAR}, <!-- PROC_DEF_ID_ -->
	    </if>
		<if test="proc_inst_id_ != null and proc_inst_id_ != ''">
	          #{proc_inst_id_, jdbcType=VARCHAR}, <!-- PROC_INST_ID_ -->
	    </if>
		<if test="execution_id_ != null and execution_id_ != ''">
	          #{execution_id_, jdbcType=VARCHAR}, <!-- EXECUTION_ID_ -->
	    </if>
		<if test="task_id_ != null and task_id_ != ''">
	          #{task_id_, jdbcType=VARCHAR}, <!-- TASK_ID_ -->
	    </if>
		<if test="time_stamp_ != null and time_stamp_ != ''">
	          #{time_stamp_, jdbcType=VARCHAR}, <!-- TIME_STAMP_ -->
	    </if>
		<if test="user_id_ != null and user_id_ != ''">
	          #{user_id_, jdbcType=VARCHAR}, <!-- USER_ID_ -->
	    </if>
		<if test="data_ != null and data_ != ''">
	          #{data_, jdbcType=VARCHAR}, <!-- DATA_ -->
	    </if>
		<if test="lock_owner_ != null and lock_owner_ != ''">
	          #{lock_owner_, jdbcType=VARCHAR}, <!-- LOCK_OWNER_ -->
	    </if>
		<if test="lock_time_ != null and lock_time_ != ''">
	          #{lock_time_, jdbcType=VARCHAR}, <!-- LOCK_TIME_ -->
	    </if>
		<if test="is_processed_ != null">
	          #{is_processed_, jdbcType=INTEGER}, <!-- IS_PROCESSED_ -->
	    </if>
		<if test="log_nr_ != null">
		     #{log_nr_, jdbcType=NUMERIC}  <!-- LOG_NR_ -->
	    </if>
		)
	</insert>
	
	<!-- 插入一个数据持久化对象(含所有字段) -->
	<insert id="insertAll"  parameterType="Act_evt_logPO">
		INSERT INTO act_evt_log (
		    <include refid="column" />
		)
		VALUES (
		    #{log_nr_, jdbcType=NUMERIC},  <!-- LOG_NR_ -->
		    #{type_, jdbcType=VARCHAR},  <!-- TYPE_ -->
		    #{proc_def_id_, jdbcType=VARCHAR},  <!-- PROC_DEF_ID_ -->
		    #{proc_inst_id_, jdbcType=VARCHAR},  <!-- PROC_INST_ID_ -->
		    #{execution_id_, jdbcType=VARCHAR},  <!-- EXECUTION_ID_ -->
		    #{task_id_, jdbcType=VARCHAR},  <!-- TASK_ID_ -->
		    #{time_stamp_, jdbcType=VARCHAR},  <!-- TIME_STAMP_ -->
		    #{user_id_, jdbcType=VARCHAR},  <!-- USER_ID_ -->
		    #{data_, jdbcType=VARCHAR},  <!-- DATA_ -->
		    #{lock_owner_, jdbcType=VARCHAR},  <!-- LOCK_OWNER_ -->
		    #{lock_time_, jdbcType=VARCHAR},  <!-- LOCK_TIME_ -->
		    #{is_processed_, jdbcType=INTEGER}  <!-- IS_PROCESSED_ -->
		)
	</insert>

	<!-- 根据主键修改数据持久化对象 -->
	<update id="updateByKey" parameterType="Act_evt_logPO">
		UPDATE act_evt_log
		<set>
			<if test="log_nr_ != null">
		          log_nr_ = #{log_nr_, jdbcType=NUMERIC},  <!-- LOG_NR_ -->
			</if>
			<if test="type_ != null">
		          type_ = #{type_, jdbcType=VARCHAR},  <!-- TYPE_ -->
			</if>
			<if test="proc_def_id_ != null">
		          proc_def_id_ = #{proc_def_id_, jdbcType=VARCHAR},  <!-- PROC_DEF_ID_ -->
			</if>
			<if test="proc_inst_id_ != null">
		          proc_inst_id_ = #{proc_inst_id_, jdbcType=VARCHAR},  <!-- PROC_INST_ID_ -->
			</if>
			<if test="execution_id_ != null">
		          execution_id_ = #{execution_id_, jdbcType=VARCHAR},  <!-- EXECUTION_ID_ -->
			</if>
			<if test="task_id_ != null">
		          task_id_ = #{task_id_, jdbcType=VARCHAR},  <!-- TASK_ID_ -->
			</if>
			<if test="time_stamp_ != null">
		          time_stamp_ = #{time_stamp_, jdbcType=VARCHAR},  <!-- TIME_STAMP_ -->
			</if>
			<if test="user_id_ != null">
		          user_id_ = #{user_id_, jdbcType=VARCHAR},  <!-- USER_ID_ -->
			</if>
			<if test="data_ != null">
		          data_ = #{data_, jdbcType=VARCHAR},  <!-- DATA_ -->
			</if>
			<if test="lock_owner_ != null">
		          lock_owner_ = #{lock_owner_, jdbcType=VARCHAR},  <!-- LOCK_OWNER_ -->
			</if>
			<if test="lock_time_ != null">
		          lock_time_ = #{lock_time_, jdbcType=VARCHAR},  <!-- LOCK_TIME_ -->
			</if>
			<if test="is_processed_ != null">
		          is_processed_ = #{is_processed_, jdbcType=INTEGER},  <!-- IS_PROCESSED_ -->
			</if>
		</set>
		WHERE  log_nr_ = #{log_nr_}
	</update>
	
	<!-- 根据主键删除数据持久化对象 -->
	<delete id="deleteByKey">
		DELETE FROM act_evt_log WHERE  log_nr_ = #{log_nr_}
	</delete>

	<!-- 根据主键查询并返回数据持久化对象 -->
	<select id="selectByKey" resultType="Act_evt_logPO">
		SELECT
		<include refid="column" />
		FROM act_evt_log WHERE  log_nr_ = #{log_nr_}
	</select>

	<!-- 根据唯一组合条件查询并返回数据持久化对象 -->
	<select id="selectOne" parameterType="Dto" resultType="Act_evt_logPO">
		SELECT
		    <include refid="column" />
		FROM act_evt_log
		<where>
		    <include refid="equal" />
		</where>		
	</select>

	<!-- 根据Dto查询并返回数据持久化对象集合 -->
	<select id="list" parameterType="Dto" resultType="Act_evt_logPO">
		SELECT
			<include refid="column" />	
		FROM act_evt_log
		<where>
		    <include refid="equal" />
		</where>	
	</select>

	<!-- 根据Dto查询并返回分页数据持久化对象集合 -->
	<select id="listPage" parameterType="Dto" resultType="Act_evt_logPO" useCache="false">
	    SELECT
			<include refid="column" />	
		FROM act_evt_log
		<where>
		    <include refid="equal" />
		</where>	
	</select>
	
	<!-- 根据Dto模糊查询并返回数据持久化对象集合(字符型字段模糊匹配，其余字段精确匹配) -->
	<select id="like" parameterType="Dto" resultType="Act_evt_logPO">
		SELECT
			<include refid="column" />	
		FROM act_evt_log
		<where>
		    <include refid="like" />
		</where>	
	</select>

	<!-- 根据Dto模糊查询并返回分页数据持久化对象集合(字符型字段模糊匹配，其余字段精确匹配) -->
	<select id="likePage" parameterType="Dto" resultType="Act_evt_logPO" useCache="false">
	    SELECT
			<include refid="column" />	
		FROM act_evt_log
		<where>
		    <include refid="like" />
		</where>	
	</select>
	
	<!-- 根据Dto统计行数 -->
	<select id="rows" resultType="Integer" parameterType="Dto">
		SELECT COUNT(1) AS aos_rows_ FROM act_evt_log
		<where>
		    <include refid="equal" />
		</where>
	</select>
	
	<!-- 根据数学表达式进行数学运算 -->
	<select id="calc" parameterType="Dto" resultType="String">
		SELECT
			${_expr}
		FROM act_evt_log
		<where>
		    <include refid="equal" />
		</where>
	</select>
	
	<!-- 表字段 -->
	<sql id="column">
		  log_nr_,  <!-- LOG_NR_ -->
		  type_,  <!-- TYPE_ -->
		  proc_def_id_,  <!-- PROC_DEF_ID_ -->
		  proc_inst_id_,  <!-- PROC_INST_ID_ -->
		  execution_id_,  <!-- EXECUTION_ID_ -->
		  task_id_,  <!-- TASK_ID_ -->
		  time_stamp_,  <!-- TIME_STAMP_ -->
		  user_id_,  <!-- USER_ID_ -->
		  data_,  <!-- DATA_ -->
		  lock_owner_,  <!-- LOCK_OWNER_ -->
		  lock_time_,  <!-- LOCK_TIME_ -->
		  is_processed_  <!-- IS_PROCESSED_ -->
	</sql>
	
	<!-- 表字段(用于外表的关联时引用) -->
	<sql id="column2">
		  act_evt_log.log_nr_,  <!-- LOG_NR_ -->
		  act_evt_log.type_,  <!-- TYPE_ -->
		  act_evt_log.proc_def_id_,  <!-- PROC_DEF_ID_ -->
		  act_evt_log.proc_inst_id_,  <!-- PROC_INST_ID_ -->
		  act_evt_log.execution_id_,  <!-- EXECUTION_ID_ -->
		  act_evt_log.task_id_,  <!-- TASK_ID_ -->
		  act_evt_log.time_stamp_,  <!-- TIME_STAMP_ -->
		  act_evt_log.user_id_,  <!-- USER_ID_ -->
		  act_evt_log.data_,  <!-- DATA_ -->
		  act_evt_log.lock_owner_,  <!-- LOCK_OWNER_ -->
		  act_evt_log.lock_time_,  <!-- LOCK_TIME_ -->
		  act_evt_log.is_processed_  <!-- IS_PROCESSED_ -->
	</sql>

	<!-- Where精确匹配字段 -->
	<sql id="equal">
	   <if test="log_nr_ != null ">
		      AND log_nr_ = #{log_nr_}  <!-- LOG_NR_ -->
		</if>
	    <if test="type_ != null and type_ != ''">
		      AND type_ = #{type_}  <!-- TYPE_ -->
		</if>
	    <if test="proc_def_id_ != null and proc_def_id_ != ''">
		      AND proc_def_id_ = #{proc_def_id_}  <!-- PROC_DEF_ID_ -->
		</if>
	    <if test="proc_inst_id_ != null and proc_inst_id_ != ''">
		      AND proc_inst_id_ = #{proc_inst_id_}  <!-- PROC_INST_ID_ -->
		</if>
	    <if test="execution_id_ != null and execution_id_ != ''">
		      AND execution_id_ = #{execution_id_}  <!-- EXECUTION_ID_ -->
		</if>
	    <if test="task_id_ != null and task_id_ != ''">
		      AND task_id_ = #{task_id_}  <!-- TASK_ID_ -->
		</if>
	    <if test="time_stamp_ != null and time_stamp_ != ''">
		      AND time_stamp_ = #{time_stamp_}  <!-- TIME_STAMP_ -->
		</if>
	    <if test="user_id_ != null and user_id_ != ''">
		      AND user_id_ = #{user_id_}  <!-- USER_ID_ -->
		</if>
	    <if test="data_ != null and data_ != ''">
		      AND data_ = #{data_}  <!-- DATA_ -->
		</if>
	    <if test="lock_owner_ != null and lock_owner_ != ''">
		      AND lock_owner_ = #{lock_owner_}  <!-- LOCK_OWNER_ -->
		</if>
	    <if test="lock_time_ != null and lock_time_ != ''">
		      AND lock_time_ = #{lock_time_}  <!-- LOCK_TIME_ -->
		</if>
	   <if test="is_processed_ != null ">
		      AND is_processed_ = #{is_processed_}  <!-- IS_PROCESSED_ -->
		</if>
	</sql>
	
	<!-- Where模糊匹配字段 -->
	<sql id="like">
	    <if test="type_ != null and type_ != ''">
		      AND type_ like '%${type_}%'  <!-- TYPE_ -->
		</if>
	    <if test="proc_def_id_ != null and proc_def_id_ != ''">
		      AND proc_def_id_ like '%${proc_def_id_}%'  <!-- PROC_DEF_ID_ -->
		</if>
	    <if test="proc_inst_id_ != null and proc_inst_id_ != ''">
		      AND proc_inst_id_ like '%${proc_inst_id_}%'  <!-- PROC_INST_ID_ -->
		</if>
	    <if test="execution_id_ != null and execution_id_ != ''">
		      AND execution_id_ like '%${execution_id_}%'  <!-- EXECUTION_ID_ -->
		</if>
	    <if test="task_id_ != null and task_id_ != ''">
		      AND task_id_ like '%${task_id_}%'  <!-- TASK_ID_ -->
		</if>
	    <if test="time_stamp_ != null and time_stamp_ != ''">
		      AND time_stamp_ like '%${time_stamp_}%'  <!-- TIME_STAMP_ -->
		</if>
	    <if test="user_id_ != null and user_id_ != ''">
		      AND user_id_ like '%${user_id_}%'  <!-- USER_ID_ -->
		</if>
	    <if test="data_ != null and data_ != ''">
		      AND data_ like '%${data_}%'  <!-- DATA_ -->
		</if>
	    <if test="lock_owner_ != null and lock_owner_ != ''">
		      AND lock_owner_ like '%${lock_owner_}%'  <!-- LOCK_OWNER_ -->
		</if>
	    <if test="lock_time_ != null and lock_time_ != ''">
		      AND lock_time_ like '%${lock_time_}%'  <!-- LOCK_TIME_ -->
		</if>
	</sql>
	
</mapper>