<?xml version="1.0" encoding="UTF-8"?>
<!DOCTYPE mapper PUBLIC "-//mybatis.org//DTD Mapper 3.0//EN" 
"http://mybatis.org/dtd/mybatis-3-mapper.dtd">

<!-- ACT_PROCDEF_INFO[act_procdef_info]SQLMapper自动映射 -->
<!--  注意:此文件由AOS平台自动生成-禁止手工修改 2018-12-18 15:50:46 -->
<mapper namespace="cn.osworks.aos.system.dao.mapper.Act_procdef_infoMapper">
	
	<!-- 插入一个数据持久化对象(插入字段为传入PO实体的非空属性) -->
	<insert id="insert"  parameterType="Act_procdef_infoPO">
		INSERT INTO act_procdef_info (
		<if test="proc_def_id_ != null and proc_def_id_ != ''">
	         proc_def_id_, <!-- PROC_DEF_ID_ -->
		</if>
		<if test="rev_ != null">
	         rev_, <!-- REV_ -->
		</if>
		<if test="info_json_id_ != null and info_json_id_ != ''">
	         info_json_id_, <!-- INFO_JSON_ID_ -->
		</if>
		<if test="id_ != null and id_ != ''">
	          id_  <!-- ID_ -->
	   </if>
		)VALUES(
		<if test="proc_def_id_ != null and proc_def_id_ != ''">
	          #{proc_def_id_, jdbcType=VARCHAR}, <!-- PROC_DEF_ID_ -->
	    </if>
		<if test="rev_ != null">
	          #{rev_, jdbcType=INTEGER}, <!-- REV_ -->
	    </if>
		<if test="info_json_id_ != null and info_json_id_ != ''">
	          #{info_json_id_, jdbcType=VARCHAR}, <!-- INFO_JSON_ID_ -->
	    </if>
		<if test="id_ != null and id_ != ''">
		     #{id_, jdbcType=VARCHAR}  <!-- ID_ -->
	    </if>
		)
	</insert>
	
	<!-- 插入一个数据持久化对象(含所有字段) -->
	<insert id="insertAll"  parameterType="Act_procdef_infoPO">
		INSERT INTO act_procdef_info (
		    <include refid="column" />
		)
		VALUES (
		    #{id_, jdbcType=VARCHAR},  <!-- ID_ -->
		    #{proc_def_id_, jdbcType=VARCHAR},  <!-- PROC_DEF_ID_ -->
		    #{rev_, jdbcType=INTEGER},  <!-- REV_ -->
		    #{info_json_id_, jdbcType=VARCHAR}  <!-- INFO_JSON_ID_ -->
		)
	</insert>

	<!-- 根据主键修改数据持久化对象 -->
	<update id="updateByKey" parameterType="Act_procdef_infoPO">
		UPDATE act_procdef_info
		<set>
			<if test="id_ != null">
		          id_ = #{id_, jdbcType=VARCHAR},  <!-- ID_ -->
			</if>
			<if test="proc_def_id_ != null">
		          proc_def_id_ = #{proc_def_id_, jdbcType=VARCHAR},  <!-- PROC_DEF_ID_ -->
			</if>
			<if test="rev_ != null">
		          rev_ = #{rev_, jdbcType=INTEGER},  <!-- REV_ -->
			</if>
			<if test="info_json_id_ != null">
		          info_json_id_ = #{info_json_id_, jdbcType=VARCHAR},  <!-- INFO_JSON_ID_ -->
			</if>
		</set>
		WHERE  id_ = #{id_}
	</update>
	
	<!-- 根据主键删除数据持久化对象 -->
	<delete id="deleteByKey">
		DELETE FROM act_procdef_info WHERE  id_ = #{id_}
	</delete>

	<!-- 根据主键查询并返回数据持久化对象 -->
	<select id="selectByKey" resultType="Act_procdef_infoPO">
		SELECT
		<include refid="column" />
		FROM act_procdef_info WHERE  id_ = #{id_}
	</select>

	<!-- 根据唯一组合条件查询并返回数据持久化对象 -->
	<select id="selectOne" parameterType="Dto" resultType="Act_procdef_infoPO">
		SELECT
		    <include refid="column" />
		FROM act_procdef_info
		<where>
		    <include refid="equal" />
		</where>		
	</select>

	<!-- 根据Dto查询并返回数据持久化对象集合 -->
	<select id="list" parameterType="Dto" resultType="Act_procdef_infoPO">
		SELECT
			<include refid="column" />	
		FROM act_procdef_info
		<where>
		    <include refid="equal" />
		</where>	
	</select>

	<!-- 根据Dto查询并返回分页数据持久化对象集合 -->
	<select id="listPage" parameterType="Dto" resultType="Act_procdef_infoPO" useCache="false">
	    SELECT
			<include refid="column" />	
		FROM act_procdef_info
		<where>
		    <include refid="equal" />
		</where>	
	</select>
	
	<!-- 根据Dto模糊查询并返回数据持久化对象集合(字符型字段模糊匹配，其余字段精确匹配) -->
	<select id="like" parameterType="Dto" resultType="Act_procdef_infoPO">
		SELECT
			<include refid="column" />	
		FROM act_procdef_info
		<where>
		    <include refid="like" />
		</where>	
	</select>

	<!-- 根据Dto模糊查询并返回分页数据持久化对象集合(字符型字段模糊匹配，其余字段精确匹配) -->
	<select id="likePage" parameterType="Dto" resultType="Act_procdef_infoPO" useCache="false">
	    SELECT
			<include refid="column" />	
		FROM act_procdef_info
		<where>
		    <include refid="like" />
		</where>	
	</select>
	
	<!-- 根据Dto统计行数 -->
	<select id="rows" resultType="Integer" parameterType="Dto">
		SELECT COUNT(1) AS aos_rows_ FROM act_procdef_info
		<where>
		    <include refid="equal" />
		</where>
	</select>
	
	<!-- 根据数学表达式进行数学运算 -->
	<select id="calc" parameterType="Dto" resultType="String">
		SELECT
			${_expr}
		FROM act_procdef_info
		<where>
		    <include refid="equal" />
		</where>
	</select>
	
	<!-- 表字段 -->
	<sql id="column">
		  id_,  <!-- ID_ -->
		  proc_def_id_,  <!-- PROC_DEF_ID_ -->
		  rev_,  <!-- REV_ -->
		  info_json_id_  <!-- INFO_JSON_ID_ -->
	</sql>
	
	<!-- 表字段(用于外表的关联时引用) -->
	<sql id="column2">
		  act_procdef_info.id_,  <!-- ID_ -->
		  act_procdef_info.proc_def_id_,  <!-- PROC_DEF_ID_ -->
		  act_procdef_info.rev_,  <!-- REV_ -->
		  act_procdef_info.info_json_id_  <!-- INFO_JSON_ID_ -->
	</sql>

	<!-- Where精确匹配字段 -->
	<sql id="equal">
	    <if test="id_ != null and id_ != ''">
		      AND id_ = #{id_}  <!-- ID_ -->
		</if>
	    <if test="proc_def_id_ != null and proc_def_id_ != ''">
		      AND proc_def_id_ = #{proc_def_id_}  <!-- PROC_DEF_ID_ -->
		</if>
	   <if test="rev_ != null ">
		      AND rev_ = #{rev_}  <!-- REV_ -->
		</if>
	    <if test="info_json_id_ != null and info_json_id_ != ''">
		      AND info_json_id_ = #{info_json_id_}  <!-- INFO_JSON_ID_ -->
		</if>
	</sql>
	
	<!-- Where模糊匹配字段 -->
	<sql id="like">
	    <if test="id_ != null and id_ != ''">
		      AND id_ like '%${id_}%'  <!-- ID_ -->
		</if>
	    <if test="proc_def_id_ != null and proc_def_id_ != ''">
		      AND proc_def_id_ like '%${proc_def_id_}%'  <!-- PROC_DEF_ID_ -->
		</if>
	    <if test="info_json_id_ != null and info_json_id_ != ''">
		      AND info_json_id_ like '%${info_json_id_}%'  <!-- INFO_JSON_ID_ -->
		</if>
	</sql>
	
</mapper>