<?xml version="1.0" encoding="UTF-8"?>
<!DOCTYPE mapper PUBLIC "-//mybatis.org//DTD Mapper 3.0//EN" 
"http://mybatis.org/dtd/mybatis-3-mapper.dtd">

<!-- ACT_RE_DEPLOYMENT[act_re_deployment]SQLMapper自动映射 -->
<!--  注意:此文件由AOS平台自动生成-禁止手工修改 2018-12-18 15:50:46 -->
<mapper namespace="cn.osworks.aos.system.dao.mapper.Act_re_deploymentMapper">
	
	<!-- 插入一个数据持久化对象(插入字段为传入PO实体的非空属性) -->
	<insert id="insert"  parameterType="Act_re_deploymentPO">
		INSERT INTO act_re_deployment (
		<if test="name_ != null and name_ != ''">
	         name_, <!-- NAME_ -->
		</if>
		<if test="category_ != null and category_ != ''">
	         category_, <!-- CATEGORY_ -->
		</if>
		<if test="tenant_id_ != null and tenant_id_ != ''">
	         tenant_id_, <!-- TENANT_ID_ -->
		</if>
		<if test="deploy_time_ != null and deploy_time_ != ''">
	         deploy_time_, <!-- DEPLOY_TIME_ -->
		</if>
		<if test="id_ != null and id_ != ''">
	          id_  <!-- ID_ -->
	   </if>
		)VALUES(
		<if test="name_ != null and name_ != ''">
	          #{name_, jdbcType=VARCHAR}, <!-- NAME_ -->
	    </if>
		<if test="category_ != null and category_ != ''">
	          #{category_, jdbcType=VARCHAR}, <!-- CATEGORY_ -->
	    </if>
		<if test="tenant_id_ != null and tenant_id_ != ''">
	          #{tenant_id_, jdbcType=VARCHAR}, <!-- TENANT_ID_ -->
	    </if>
		<if test="deploy_time_ != null and deploy_time_ != ''">
	          #{deploy_time_, jdbcType=VARCHAR}, <!-- DEPLOY_TIME_ -->
	    </if>
		<if test="id_ != null and id_ != ''">
		     #{id_, jdbcType=VARCHAR}  <!-- ID_ -->
	    </if>
		)
	</insert>
	
	<!-- 插入一个数据持久化对象(含所有字段) -->
	<insert id="insertAll"  parameterType="Act_re_deploymentPO">
		INSERT INTO act_re_deployment (
		    <include refid="column" />
		)
		VALUES (
		    #{id_, jdbcType=VARCHAR},  <!-- ID_ -->
		    #{name_, jdbcType=VARCHAR},  <!-- NAME_ -->
		    #{category_, jdbcType=VARCHAR},  <!-- CATEGORY_ -->
		    #{tenant_id_, jdbcType=VARCHAR},  <!-- TENANT_ID_ -->
		    #{deploy_time_, jdbcType=VARCHAR}  <!-- DEPLOY_TIME_ -->
		)
	</insert>

	<!-- 根据主键修改数据持久化对象 -->
	<update id="updateByKey" parameterType="Act_re_deploymentPO">
		UPDATE act_re_deployment
		<set>
			<if test="id_ != null">
		          id_ = #{id_, jdbcType=VARCHAR},  <!-- ID_ -->
			</if>
			<if test="name_ != null">
		          name_ = #{name_, jdbcType=VARCHAR},  <!-- NAME_ -->
			</if>
			<if test="category_ != null">
		          category_ = #{category_, jdbcType=VARCHAR},  <!-- CATEGORY_ -->
			</if>
			<if test="tenant_id_ != null">
		          tenant_id_ = #{tenant_id_, jdbcType=VARCHAR},  <!-- TENANT_ID_ -->
			</if>
			<if test="deploy_time_ != null">
		          deploy_time_ = #{deploy_time_, jdbcType=VARCHAR},  <!-- DEPLOY_TIME_ -->
			</if>
		</set>
		WHERE  id_ = #{id_}
	</update>
	
	<!-- 根据主键删除数据持久化对象 -->
	<delete id="deleteByKey">
		DELETE FROM act_re_deployment WHERE  id_ = #{id_}
	</delete>

	<!-- 根据主键查询并返回数据持久化对象 -->
	<select id="selectByKey" resultType="Act_re_deploymentPO">
		SELECT
		<include refid="column" />
		FROM act_re_deployment WHERE  id_ = #{id_}
	</select>

	<!-- 根据唯一组合条件查询并返回数据持久化对象 -->
	<select id="selectOne" parameterType="Dto" resultType="Act_re_deploymentPO">
		SELECT
		    <include refid="column" />
		FROM act_re_deployment
		<where>
		    <include refid="equal" />
		</where>		
	</select>

	<!-- 根据Dto查询并返回数据持久化对象集合 -->
	<select id="list" parameterType="Dto" resultType="Act_re_deploymentPO">
		SELECT
			<include refid="column" />	
		FROM act_re_deployment
		<where>
		    <include refid="equal" />
		</where>	
	</select>

	<!-- 根据Dto查询并返回分页数据持久化对象集合 -->
	<select id="listPage" parameterType="Dto" resultType="Act_re_deploymentPO" useCache="false">
	    SELECT
			<include refid="column" />	
		FROM act_re_deployment
		<where>
		    <include refid="equal" />
		</where>	
	</select>
	
	<!-- 根据Dto模糊查询并返回数据持久化对象集合(字符型字段模糊匹配，其余字段精确匹配) -->
	<select id="like" parameterType="Dto" resultType="Act_re_deploymentPO">
		SELECT
			<include refid="column" />	
		FROM act_re_deployment
		<where>
		    <include refid="like" />
		</where>	
	</select>

	<!-- 根据Dto模糊查询并返回分页数据持久化对象集合(字符型字段模糊匹配，其余字段精确匹配) -->
	<select id="likePage" parameterType="Dto" resultType="Act_re_deploymentPO" useCache="false">
	    SELECT
			<include refid="column" />	
		FROM act_re_deployment
		<where>
		    <include refid="like" />
		</where>	
	</select>
	
	<!-- 根据Dto统计行数 -->
	<select id="rows" resultType="Integer" parameterType="Dto">
		SELECT COUNT(1) AS aos_rows_ FROM act_re_deployment
		<where>
		    <include refid="equal" />
		</where>
	</select>
	
	<!-- 根据数学表达式进行数学运算 -->
	<select id="calc" parameterType="Dto" resultType="String">
		SELECT
			${_expr}
		FROM act_re_deployment
		<where>
		    <include refid="equal" />
		</where>
	</select>
	
	<!-- 表字段 -->
	<sql id="column">
		  id_,  <!-- ID_ -->
		  name_,  <!-- NAME_ -->
		  category_,  <!-- CATEGORY_ -->
		  tenant_id_,  <!-- TENANT_ID_ -->
		  deploy_time_  <!-- DEPLOY_TIME_ -->
	</sql>
	
	<!-- 表字段(用于外表的关联时引用) -->
	<sql id="column2">
		  act_re_deployment.id_,  <!-- ID_ -->
		  act_re_deployment.name_,  <!-- NAME_ -->
		  act_re_deployment.category_,  <!-- CATEGORY_ -->
		  act_re_deployment.tenant_id_,  <!-- TENANT_ID_ -->
		  act_re_deployment.deploy_time_  <!-- DEPLOY_TIME_ -->
	</sql>

	<!-- Where精确匹配字段 -->
	<sql id="equal">
	    <if test="id_ != null and id_ != ''">
		      AND id_ = #{id_}  <!-- ID_ -->
		</if>
	    <if test="name_ != null and name_ != ''">
		      AND name_ = #{name_}  <!-- NAME_ -->
		</if>
	    <if test="category_ != null and category_ != ''">
		      AND category_ = #{category_}  <!-- CATEGORY_ -->
		</if>
	    <if test="tenant_id_ != null and tenant_id_ != ''">
		      AND tenant_id_ = #{tenant_id_}  <!-- TENANT_ID_ -->
		</if>
	    <if test="deploy_time_ != null and deploy_time_ != ''">
		      AND deploy_time_ = #{deploy_time_}  <!-- DEPLOY_TIME_ -->
		</if>
	</sql>
	
	<!-- Where模糊匹配字段 -->
	<sql id="like">
	    <if test="id_ != null and id_ != ''">
		      AND id_ like '%${id_}%'  <!-- ID_ -->
		</if>
	    <if test="name_ != null and name_ != ''">
		      AND name_ like '%${name_}%'  <!-- NAME_ -->
		</if>
	    <if test="category_ != null and category_ != ''">
		      AND category_ like '%${category_}%'  <!-- CATEGORY_ -->
		</if>
	    <if test="tenant_id_ != null and tenant_id_ != ''">
		      AND tenant_id_ like '%${tenant_id_}%'  <!-- TENANT_ID_ -->
		</if>
	    <if test="deploy_time_ != null and deploy_time_ != ''">
		      AND deploy_time_ like '%${deploy_time_}%'  <!-- DEPLOY_TIME_ -->
		</if>
	</sql>
	
</mapper>