<?xml version="1.0" encoding="UTF-8"?>
<!DOCTYPE mapper PUBLIC "-//mybatis.org//DTD Mapper 3.0//EN" 
"http://mybatis.org/dtd/mybatis-3-mapper.dtd">

<!-- 数据字典明细表[aos_sys_dic]SQLMapper自动映射 -->
<!--  注意:此文件由AOS平台自动生成-禁止手工修改 2015-12-22 22:10:30 -->
<mapper namespace="cn.osworks.aos.system.dao.mapper.Aos_sys_dicMapper">
	
	<!-- 插入一个数据持久化对象(插入字段为传入PO实体的非空属性) -->
	<insert id="insert"  parameterType="Aos_sys_dicPO">
		INSERT INTO aos_sys_dic (
		<if test="code_ != null and code_ != ''">
	         code_, <!-- 字典对照码 -->
		</if>
		<if test="desc_ != null and desc_ != ''">
	         desc_, <!-- 字典对照值 -->
		</if>
		<if test="hotkey_ != null and hotkey_ != ''">
	         hotkey_, <!--  热键 -->
		</if>
		<if test="status_ != null and status_ != ''">
	         status_, <!-- 当前状态 -->
		</if>
		<if test="dic_index_id_ != null and dic_index_id_ != ''">
	         dic_index_id_, <!-- 所属字典流水号 -->
		</if>
		<if test="remark_ != null and remark_ != ''">
	         remark_, <!-- 备注 -->
		</if>
		<if test="id_ != null and id_ != ''">
	          id_  <!-- 流水号 -->
	   </if>
		)VALUES(
		<if test="code_ != null and code_ != ''">
	          #{code_, jdbcType=VARCHAR}, <!-- 字典对照码 -->
	    </if>
		<if test="desc_ != null and desc_ != ''">
	          #{desc_, jdbcType=VARCHAR}, <!-- 字典对照值 -->
	    </if>
		<if test="hotkey_ != null and hotkey_ != ''">
	          #{hotkey_, jdbcType=VARCHAR}, <!--  热键 -->
	    </if>
		<if test="status_ != null and status_ != ''">
	          #{status_, jdbcType=VARCHAR}, <!-- 当前状态 -->
	    </if>
		<if test="dic_index_id_ != null and dic_index_id_ != ''">
	          #{dic_index_id_, jdbcType=VARCHAR}, <!-- 所属字典流水号 -->
	    </if>
		<if test="remark_ != null and remark_ != ''">
	          #{remark_, jdbcType=VARCHAR}, <!-- 备注 -->
	    </if>
		<if test="id_ != null and id_ != ''">
		     #{id_, jdbcType=VARCHAR}  <!-- 流水号 -->
	    </if>
		)
	</insert>
	
	<!-- 插入一个数据持久化对象(含所有字段) -->
	<insert id="insertAll"  parameterType="Aos_sys_dicPO">
		INSERT INTO aos_sys_dic (
		    <include refid="column" />
		)
		VALUES (
		    #{id_, jdbcType=VARCHAR},  <!-- 流水号 -->
		    #{code_, jdbcType=VARCHAR},  <!-- 字典对照码 -->
		    #{desc_, jdbcType=VARCHAR},  <!-- 字典对照值 -->
		    #{hotkey_, jdbcType=VARCHAR},  <!--  热键 -->
		    #{status_, jdbcType=VARCHAR},  <!-- 当前状态 -->
		    #{dic_index_id_, jdbcType=VARCHAR},  <!-- 所属字典流水号 -->
		    #{remark_, jdbcType=VARCHAR}  <!-- 备注 -->
		)
	</insert>

	<!-- 根据主键修改数据持久化对象 -->
	<update id="updateByKey" parameterType="Aos_sys_dicPO">
		UPDATE aos_sys_dic
		<set>
			<if test="id_ != null">
		          id_ = #{id_, jdbcType=VARCHAR},  <!-- 流水号 -->
			</if>
			<if test="code_ != null">
		          code_ = #{code_, jdbcType=VARCHAR},  <!-- 字典对照码 -->
			</if>
			<if test="desc_ != null">
		          desc_ = #{desc_, jdbcType=VARCHAR},  <!-- 字典对照值 -->
			</if>
			<if test="hotkey_ != null">
		          hotkey_ = #{hotkey_, jdbcType=VARCHAR},  <!--  热键 -->
			</if>
			<if test="status_ != null">
		          status_ = #{status_, jdbcType=VARCHAR},  <!-- 当前状态 -->
			</if>
			<if test="dic_index_id_ != null">
		          dic_index_id_ = #{dic_index_id_, jdbcType=VARCHAR},  <!-- 所属字典流水号 -->
			</if>
			<if test="remark_ != null">
		          remark_ = #{remark_, jdbcType=VARCHAR},  <!-- 备注 -->
			</if>
		</set>
		WHERE  id_ = #{id_}
	</update>
	
	<!-- 根据主键删除数据持久化对象 -->
	<delete id="deleteByKey">
		DELETE FROM aos_sys_dic WHERE  id_ = #{id_}
	</delete>

	<!-- 根据主键查询并返回数据持久化对象 -->
	<select id="selectByKey" resultType="Aos_sys_dicPO">
		SELECT
		<include refid="column" />
		FROM aos_sys_dic WHERE  id_ = #{id_}
	</select>

	<!-- 根据唯一组合条件查询并返回数据持久化对象 -->
	<select id="selectOne" parameterType="Dto" resultType="Aos_sys_dicPO">
		SELECT
		    <include refid="column" />
		FROM aos_sys_dic
		<where>
		    <include refid="equal" />
		</where>		
	</select>

	<!-- 根据Dto查询并返回数据持久化对象集合 -->
	<select id="list" parameterType="Dto" resultType="Aos_sys_dicPO">
		SELECT
			<include refid="column" />	
		FROM aos_sys_dic
		<where>
		    <include refid="equal" />
		</where>	
	</select>

	<!-- 根据Dto查询并返回分页数据持久化对象集合 -->
	<select id="listPage" parameterType="Dto" resultType="Aos_sys_dicPO" useCache="false">
	    SELECT
			<include refid="column" />	
		FROM aos_sys_dic
		<where>
		    <include refid="equal" />
		</where>	
	</select>
	
	<!-- 根据Dto模糊查询并返回数据持久化对象集合(字符型字段模糊匹配，其余字段精确匹配) -->
	<select id="like" parameterType="Dto" resultType="Aos_sys_dicPO">
		SELECT
			<include refid="column" />	
		FROM aos_sys_dic
		<where>
		    <include refid="like" />
		</where>	
	</select>

	<!-- 根据Dto模糊查询并返回分页数据持久化对象集合(字符型字段模糊匹配，其余字段精确匹配) -->
	<select id="likePage" parameterType="Dto" resultType="Aos_sys_dicPO" useCache="false">
	    SELECT
			<include refid="column" />	
		FROM aos_sys_dic
		<where>
		    <include refid="like" />
		</where>	
	</select>
	
	<!-- 根据Dto统计行数 -->
	<select id="rows" resultType="Integer" parameterType="Dto">
		SELECT COUNT(1) AS aos_rows_ FROM aos_sys_dic
		<where>
		    <include refid="equal" />
		</where>
	</select>
	
	<!-- 根据数学表达式进行数学运算 -->
	<select id="calc" parameterType="Dto" resultType="String">
		SELECT
			${_expr}
		FROM aos_sys_dic
		<where>
		    <include refid="equal" />
		</where>
	</select>
	
	<!-- 表字段 -->
	<sql id="column">
		  id_,  <!-- 流水号 -->
		  code_,  <!-- 字典对照码 -->
		  desc_,  <!-- 字典对照值 -->
		  hotkey_,  <!--  热键 -->
		  status_,  <!-- 当前状态 -->
		  dic_index_id_,  <!-- 所属字典流水号 -->
		  remark_  <!-- 备注 -->
	</sql>
	
	<!-- 表字段(用于外表的关联时引用) -->
	<sql id="column2">
		  aos_sys_dic.id_,  <!-- 流水号 -->
		  aos_sys_dic.code_,  <!-- 字典对照码 -->
		  aos_sys_dic.desc_,  <!-- 字典对照值 -->
		  aos_sys_dic.hotkey_,  <!--  热键 -->
		  aos_sys_dic.status_,  <!-- 当前状态 -->
		  aos_sys_dic.dic_index_id_,  <!-- 所属字典流水号 -->
		  aos_sys_dic.remark_  <!-- 备注 -->
	</sql>

	<!-- Where精确匹配字段 -->
	<sql id="equal">
	    <if test="id_ != null and id_ != ''">
		      AND id_ = #{id_}  <!-- 流水号 -->
		</if>
	    <if test="code_ != null and code_ != ''">
		      AND code_ = #{code_}  <!-- 字典对照码 -->
		</if>
	    <if test="desc_ != null and desc_ != ''">
		      AND desc_ = #{desc_}  <!-- 字典对照值 -->
		</if>
	    <if test="hotkey_ != null and hotkey_ != ''">
		      AND hotkey_ = #{hotkey_}  <!--  热键 -->
		</if>
	    <if test="status_ != null and status_ != ''">
		      AND status_ = #{status_}  <!-- 当前状态 -->
		</if>
	    <if test="dic_index_id_ != null and dic_index_id_ != ''">
		      AND dic_index_id_ = #{dic_index_id_}  <!-- 所属字典流水号 -->
		</if>
	    <if test="remark_ != null and remark_ != ''">
		      AND remark_ = #{remark_}  <!-- 备注 -->
		</if>
	</sql>
	
	<!-- Where模糊匹配字段 -->
	<sql id="like">
	    <if test="id_ != null and id_ != ''">
		      AND id_ like '%${id_}%'  <!-- 流水号 -->
		</if>
	    <if test="code_ != null and code_ != ''">
		      AND code_ like '%${code_}%'  <!-- 字典对照码 -->
		</if>
	    <if test="desc_ != null and desc_ != ''">
		      AND desc_ like '%${desc_}%'  <!-- 字典对照值 -->
		</if>
	    <if test="hotkey_ != null and hotkey_ != ''">
		      AND hotkey_ like '%${hotkey_}%'  <!--  热键 -->
		</if>
	    <if test="status_ != null and status_ != ''">
		      AND status_ like '%${status_}%'  <!-- 当前状态 -->
		</if>
	    <if test="dic_index_id_ != null and dic_index_id_ != ''">
		      AND dic_index_id_ like '%${dic_index_id_}%'  <!-- 所属字典流水号 -->
		</if>
	    <if test="remark_ != null and remark_ != ''">
		      AND remark_ like '%${remark_}%'  <!-- 备注 -->
		</if>
	</sql>
	<!-- 根据Dto查询并返回数据持久化对象集合 -->
	<select id="listDicBydesc" parameterType="Dto" resultType="Aos_sys_dicPO">
		SELECT
		*
		FROM aos_sys_dic where dic_index_id_ in ( select id_ from aos_sys_dic_index where 1=1
		<if test="key_ != null and key_ != ''">
			AND key_ = #{key_}  <!-- 流水号 -->
		</if>
	)
	</select>

	<!-- 根据字典参数进行查询 -->
	<select id="dicBydesc" parameterType="Dto" resultType="Aos_sys_dicPO">
		SELECT
		*
		FROM aos_sys_dic where 1=1

		<if test="code_ != null and code_ != ''">
			AND code_ = #{code_}  <!-- 值 -->
		</if>
		 and dic_index_id_ in ( select id_ from aos_sys_dic_index where 1=1
		<if test="key_ != null and key_ != ''">
			AND key_ = #{key_}  <!-- 密钥 -->
		</if>
		)
	</select>

</mapper>