<?xml version="1.0" encoding="UTF-8"?>
<!DOCTYPE mapper PUBLIC "-//mybatis.org//DTD Mapper 3.0//EN" 
"http://mybatis.org/dtd/mybatis-3-mapper.dtd">

<!-- aos_sys_user[aos_sys_user]SQLMapper自动映射 -->
<!--  注意:此文件由AOS平台自动生成-禁止手工修改 2020-06-10 07:23:25 -->
<mapper namespace="cn.osworks.aos.system.dao.mapper.Aos_sys_userMapper">
	
	<!-- 插入一个数据持久化对象(插入字段为传入PO实体的非空属性) -->
	<insert id="insert"  parameterType="Aos_sys_userPO">
		INSERT INTO aos_sys_user (
		<if test="account_ != null and account_ != ''">
	         account_, <!-- account_ -->
		</if>
		<if test="password_ != null and password_ != ''">
	         password_, <!-- password_ -->
		</if>
		<if test="name_ != null and name_ != ''">
	         name_, <!-- name_ -->
		</if>
		<if test="sex_ != null and sex_ != ''">
	         sex_, <!-- sex_ -->
		</if>
		<if test="org_id_ != null and org_id_ != ''">
	         org_id_, <!-- org_id_ -->
		</if>
		<if test="status_ != null and status_ != ''">
	         status_, <!-- status_ -->
		</if>
		<if test="type_ != null and type_ != ''">
	         type_, <!-- type_ -->
		</if>
		<if test="biz_code_ != null and biz_code_ != ''">
	         biz_code_, <!-- biz_code_ -->
		</if>
		<if test="create_time_ != null and create_time_ != ''">
	         create_time_, <!-- create_time_ -->
		</if>
		<if test="creater_id_ != null and creater_id_ != ''">
	         creater_id_, <!-- creater_id_ -->
		</if>
		<if test="org_cascade_id_ != null and org_cascade_id_ != ''">
	         org_cascade_id_, <!-- org_cascade_id_ -->
		</if>
		<if test="delete_flag_ != null and delete_flag_ != ''">
	         delete_flag_, <!-- delete_flag_ -->
		</if>
		<if test="pagesize != null">
	         pagesize, <!-- pagesize -->
		</if>
		<if test="compilation_flag_ != null and compilation_flag_ != ''">
	         compilation_flag_, <!-- compilation_flag_ -->
		</if>
		<if test="checkup_flag_ != null and checkup_flag_ != ''">
	         checkup_flag_, <!-- checkup_flag_ -->
		</if>
		<if test="jieshou_module != null and jieshou_module != ''">
	         jieshou_module, <!-- jieshou_module -->
		</if>
		<if test="jianding_module != null and jianding_module != ''">
	         jianding_module, <!-- jianding_module -->
		</if>
		<if test="bianyan_module != null and bianyan_module != ''">
	         bianyan_module, <!-- bianyan_module -->
		</if>
		<if test="id_ != null and id_ != ''">
	          id_  <!-- id_ -->
	   </if>
		)VALUES(
		<if test="account_ != null and account_ != ''">
	          #{account_, jdbcType=VARCHAR}, <!-- account_ -->
	    </if>
		<if test="password_ != null and password_ != ''">
	          #{password_, jdbcType=VARCHAR}, <!-- password_ -->
	    </if>
		<if test="name_ != null and name_ != ''">
	          #{name_, jdbcType=VARCHAR}, <!-- name_ -->
	    </if>
		<if test="sex_ != null and sex_ != ''">
	          #{sex_, jdbcType=VARCHAR}, <!-- sex_ -->
	    </if>
		<if test="org_id_ != null and org_id_ != ''">
	          #{org_id_, jdbcType=VARCHAR}, <!-- org_id_ -->
	    </if>
		<if test="status_ != null and status_ != ''">
	          #{status_, jdbcType=VARCHAR}, <!-- status_ -->
	    </if>
		<if test="type_ != null and type_ != ''">
	          #{type_, jdbcType=VARCHAR}, <!-- type_ -->
	    </if>
		<if test="biz_code_ != null and biz_code_ != ''">
	          #{biz_code_, jdbcType=VARCHAR}, <!-- biz_code_ -->
	    </if>
		<if test="create_time_ != null and create_time_ != ''">
	          #{create_time_, jdbcType=VARCHAR}, <!-- create_time_ -->
	    </if>
		<if test="creater_id_ != null and creater_id_ != ''">
	          #{creater_id_, jdbcType=VARCHAR}, <!-- creater_id_ -->
	    </if>
		<if test="org_cascade_id_ != null and org_cascade_id_ != ''">
	          #{org_cascade_id_, jdbcType=VARCHAR}, <!-- org_cascade_id_ -->
	    </if>
		<if test="delete_flag_ != null and delete_flag_ != ''">
	          #{delete_flag_, jdbcType=VARCHAR}, <!-- delete_flag_ -->
	    </if>
		<if test="pagesize != null">
	          #{pagesize, jdbcType=INTEGER}, <!-- pagesize -->
	    </if>
		<if test="compilation_flag_ != null and compilation_flag_ != ''">
	          #{compilation_flag_, jdbcType=VARCHAR}, <!-- compilation_flag_ -->
	    </if>
		<if test="checkup_flag_ != null and checkup_flag_ != ''">
	          #{checkup_flag_, jdbcType=VARCHAR}, <!-- checkup_flag_ -->
	    </if>
		<if test="jieshou_module != null and jieshou_module != ''">
	          #{jieshou_module, jdbcType=VARCHAR}, <!-- jieshou_module -->
	    </if>
		<if test="jianding_module != null and jianding_module != ''">
	          #{jianding_module, jdbcType=VARCHAR}, <!-- jianding_module -->
	    </if>
		<if test="bianyan_module != null and bianyan_module != ''">
	          #{bianyan_module, jdbcType=VARCHAR}, <!-- bianyan_module -->
	    </if>
		<if test="id_ != null and id_ != ''">
		     #{id_, jdbcType=VARCHAR}  <!-- id_ -->
	    </if>
		)
	</insert>
	
	<!-- 插入一个数据持久化对象(含所有字段) -->
	<insert id="insertAll"  parameterType="Aos_sys_userPO">
		INSERT INTO aos_sys_user (
		    <include refid="column" />
		)
		VALUES (
		    #{id_, jdbcType=VARCHAR},  <!-- id_ -->
		    #{account_, jdbcType=VARCHAR},  <!-- account_ -->
		    #{password_, jdbcType=VARCHAR},  <!-- password_ -->
		    #{name_, jdbcType=VARCHAR},  <!-- name_ -->
		    #{sex_, jdbcType=VARCHAR},  <!-- sex_ -->
		    #{org_id_, jdbcType=VARCHAR},  <!-- org_id_ -->
		    #{status_, jdbcType=VARCHAR},  <!-- status_ -->
		    #{type_, jdbcType=VARCHAR},  <!-- type_ -->
		    #{biz_code_, jdbcType=VARCHAR},  <!-- biz_code_ -->
		    #{create_time_, jdbcType=VARCHAR},  <!-- create_time_ -->
		    #{creater_id_, jdbcType=VARCHAR},  <!-- creater_id_ -->
		    #{org_cascade_id_, jdbcType=VARCHAR},  <!-- org_cascade_id_ -->
		    #{delete_flag_, jdbcType=VARCHAR},  <!-- delete_flag_ -->
		    #{pagesize, jdbcType=INTEGER},  <!-- pagesize -->
		    #{compilation_flag_, jdbcType=VARCHAR},  <!-- compilation_flag_ -->
		    #{checkup_flag_, jdbcType=VARCHAR},  <!-- checkup_flag_ -->
		    #{jieshou_module, jdbcType=VARCHAR},  <!-- jieshou_module -->
		    #{jianding_module, jdbcType=VARCHAR},  <!-- jianding_module -->
		    #{bianyan_module, jdbcType=VARCHAR}  <!-- bianyan_module -->
		)
	</insert>

	<!-- 根据主键修改数据持久化对象 -->
	<update id="updateByKey" parameterType="Aos_sys_userPO">
		UPDATE aos_sys_user
		<set>
			<if test="id_ != null">
		          id_ = #{id_, jdbcType=VARCHAR},  <!-- id_ -->
			</if>
			<if test="account_ != null">
		          account_ = #{account_, jdbcType=VARCHAR},  <!-- account_ -->
			</if>
			<if test="password_ != null">
		          password_ = #{password_, jdbcType=VARCHAR},  <!-- password_ -->
			</if>
			<if test="name_ != null">
		          name_ = #{name_, jdbcType=VARCHAR},  <!-- name_ -->
			</if>
			<if test="sex_ != null">
		          sex_ = #{sex_, jdbcType=VARCHAR},  <!-- sex_ -->
			</if>
			<if test="org_id_ != null">
		          org_id_ = #{org_id_, jdbcType=VARCHAR},  <!-- org_id_ -->
			</if>
			<if test="status_ != null">
		          status_ = #{status_, jdbcType=VARCHAR},  <!-- status_ -->
			</if>
			<if test="type_ != null">
		          type_ = #{type_, jdbcType=VARCHAR},  <!-- type_ -->
			</if>
			<if test="biz_code_ != null">
		          biz_code_ = #{biz_code_, jdbcType=VARCHAR},  <!-- biz_code_ -->
			</if>
			<if test="create_time_ != null">
		          create_time_ = #{create_time_, jdbcType=VARCHAR},  <!-- create_time_ -->
			</if>
			<if test="creater_id_ != null">
		          creater_id_ = #{creater_id_, jdbcType=VARCHAR},  <!-- creater_id_ -->
			</if>
			<if test="org_cascade_id_ != null">
		          org_cascade_id_ = #{org_cascade_id_, jdbcType=VARCHAR},  <!-- org_cascade_id_ -->
			</if>
			<if test="delete_flag_ != null">
		          delete_flag_ = #{delete_flag_, jdbcType=VARCHAR},  <!-- delete_flag_ -->
			</if>
			<if test="pagesize != null">
		          pagesize = #{pagesize, jdbcType=INTEGER},  <!-- pagesize -->
			</if>
			<if test="compilation_flag_ != null">
		          compilation_flag_ = #{compilation_flag_, jdbcType=VARCHAR},  <!-- compilation_flag_ -->
			</if>
			<if test="checkup_flag_ != null">
		          checkup_flag_ = #{checkup_flag_, jdbcType=VARCHAR},  <!-- checkup_flag_ -->
			</if>
			<if test="jieshou_module != null">
		          jieshou_module = #{jieshou_module, jdbcType=VARCHAR},  <!-- jieshou_module -->
			</if>
			<if test="jianding_module != null">
		          jianding_module = #{jianding_module, jdbcType=VARCHAR},  <!-- jianding_module -->
			</if>
			<if test="bianyan_module != null">
		          bianyan_module = #{bianyan_module, jdbcType=VARCHAR},  <!-- bianyan_module -->
			</if>
		</set>
		WHERE  id_ = #{id_}
	</update>
	
	<!-- 根据主键删除数据持久化对象 -->
	<delete id="deleteByKey">
		DELETE FROM aos_sys_user WHERE  id_ = #{id_}
	</delete>

	<!-- 根据主键查询并返回数据持久化对象 -->
	<select id="selectByKey" resultType="Aos_sys_userPO">
		SELECT
		<include refid="column" />
		FROM aos_sys_user WHERE  id_ = #{id_}
	</select>

	<!-- 根据唯一组合条件查询并返回数据持久化对象 -->
	<select id="selectOne" parameterType="Dto" resultType="Aos_sys_userPO">
		SELECT
		    <include refid="column" />
		FROM aos_sys_user
		<where>
		    <include refid="equal" />
		</where>		
	</select>

	<!-- 根据Dto查询并返回数据持久化对象集合 -->
	<select id="list" parameterType="Dto" resultType="Aos_sys_userPO">
		SELECT
			<include refid="column" />	
		FROM aos_sys_user
		<where>
		    <include refid="equal" />
		</where>	
	</select>

	<!-- 根据Dto查询并返回分页数据持久化对象集合 -->
	<select id="listPage" parameterType="Dto" resultType="Aos_sys_userPO" useCache="false">
	    SELECT
			<include refid="column" />	
		FROM aos_sys_user
		<where>
		    <include refid="equal" />
		</where>	
	</select>
	
	<!-- 根据Dto模糊查询并返回数据持久化对象集合(字符型字段模糊匹配，其余字段精确匹配) -->
	<select id="like" parameterType="Dto" resultType="Aos_sys_userPO">
		SELECT
			<include refid="column" />	
		FROM aos_sys_user
		<where>
		    <include refid="like" />
		</where>	
	</select>

	<!-- 根据Dto模糊查询并返回分页数据持久化对象集合(字符型字段模糊匹配，其余字段精确匹配) -->
	<select id="likePage" parameterType="Dto" resultType="Aos_sys_userPO" useCache="false">
	    SELECT
			<include refid="column" />	
		FROM aos_sys_user
		<where>
		    <include refid="like" />
		</where>	
	</select>
	
	<!-- 根据Dto统计行数 -->
	<select id="rows" resultType="Integer" parameterType="Dto">
		SELECT COUNT(1) AS aos_rows_ FROM aos_sys_user
		<where>
		    <include refid="equal" />
		</where>
	</select>
	
	<!-- 根据数学表达式进行数学运算 -->
	<select id="calc" parameterType="Dto" resultType="String">
		SELECT
			${_expr}
		FROM aos_sys_user
		<where>
		    <include refid="equal" />
		</where>
	</select>
	
	<!-- 表字段 -->
	<sql id="column">
		  id_,  <!-- id_ -->
		  account_,  <!-- account_ -->
		  password_,  <!-- password_ -->
		  name_,  <!-- name_ -->
		  sex_,  <!-- sex_ -->
		  org_id_,  <!-- org_id_ -->
		  status_,  <!-- status_ -->
		  type_,  <!-- type_ -->
		  biz_code_,  <!-- biz_code_ -->
		  create_time_,  <!-- create_time_ -->
		  creater_id_,  <!-- creater_id_ -->
		  org_cascade_id_,  <!-- org_cascade_id_ -->
		  delete_flag_,  <!-- delete_flag_ -->
		  pagesize,  <!-- pagesize -->
		  compilation_flag_,  <!-- compilation_flag_ -->
		  checkup_flag_,  <!-- checkup_flag_ -->
		  jieshou_module,  <!-- jieshou_module -->
		  jianding_module,  <!-- jianding_module -->
		  bianyan_module  <!-- bianyan_module -->
	</sql>
	
	<!-- 表字段(用于外表的关联时引用) -->
	<sql id="column2">
		  aos_sys_user.id_,  <!-- id_ -->
		  aos_sys_user.account_,  <!-- account_ -->
		  aos_sys_user.password_,  <!-- password_ -->
		  aos_sys_user.name_,  <!-- name_ -->
		  aos_sys_user.sex_,  <!-- sex_ -->
		  aos_sys_user.org_id_,  <!-- org_id_ -->
		  aos_sys_user.status_,  <!-- status_ -->
		  aos_sys_user.type_,  <!-- type_ -->
		  aos_sys_user.biz_code_,  <!-- biz_code_ -->
		  aos_sys_user.create_time_,  <!-- create_time_ -->
		  aos_sys_user.creater_id_,  <!-- creater_id_ -->
		  aos_sys_user.org_cascade_id_,  <!-- org_cascade_id_ -->
		  aos_sys_user.delete_flag_,  <!-- delete_flag_ -->
		  aos_sys_user.pagesize,  <!-- pagesize -->
		  aos_sys_user.compilation_flag_,  <!-- compilation_flag_ -->
		  aos_sys_user.checkup_flag_,  <!-- checkup_flag_ -->
		  aos_sys_user.jieshou_module,  <!-- jieshou_module -->
		  aos_sys_user.jianding_module,  <!-- jianding_module -->
		  aos_sys_user.bianyan_module  <!-- bianyan_module -->
	</sql>

	<!-- Where精确匹配字段 -->
	<sql id="equal">
	    <if test="id_ != null and id_ != ''">
		      AND id_ = #{id_}  <!-- id_ -->
		</if>
	    <if test="account_ != null and account_ != ''">
		      AND account_ = #{account_}  <!-- account_ -->
		</if>
	    <if test="password_ != null and password_ != ''">
		      AND password_ = #{password_}  <!-- password_ -->
		</if>
	    <if test="name_ != null and name_ != ''">
		      AND name_ = #{name_}  <!-- name_ -->
		</if>
	    <if test="sex_ != null and sex_ != ''">
		      AND sex_ = #{sex_}  <!-- sex_ -->
		</if>
	    <if test="org_id_ != null and org_id_ != ''">
		      AND org_id_ = #{org_id_}  <!-- org_id_ -->
		</if>
	    <if test="status_ != null and status_ != ''">
		      AND status_ = #{status_}  <!-- status_ -->
		</if>
	    <if test="type_ != null and type_ != ''">
		      AND type_ = #{type_}  <!-- type_ -->
		</if>
	    <if test="biz_code_ != null and biz_code_ != ''">
		      AND biz_code_ = #{biz_code_}  <!-- biz_code_ -->
		</if>
	    <if test="create_time_ != null and create_time_ != ''">
		      AND create_time_ = #{create_time_}  <!-- create_time_ -->
		</if>
	    <if test="creater_id_ != null and creater_id_ != ''">
		      AND creater_id_ = #{creater_id_}  <!-- creater_id_ -->
		</if>
	    <if test="org_cascade_id_ != null and org_cascade_id_ != ''">
		      AND org_cascade_id_ = #{org_cascade_id_}  <!-- org_cascade_id_ -->
		</if>
	    <if test="delete_flag_ != null and delete_flag_ != ''">
		      AND delete_flag_ = #{delete_flag_}  <!-- delete_flag_ -->
		</if>
	   <if test="pagesize != null ">
		      AND pagesize = #{pagesize}  <!-- pagesize -->
		</if>
	    <if test="compilation_flag_ != null and compilation_flag_ != ''">
		      AND compilation_flag_ = #{compilation_flag_}  <!-- compilation_flag_ -->
		</if>
	    <if test="checkup_flag_ != null and checkup_flag_ != ''">
		      AND checkup_flag_ = #{checkup_flag_}  <!-- checkup_flag_ -->
		</if>
	    <if test="jieshou_module != null and jieshou_module != ''">
		      AND jieshou_module = #{jieshou_module}  <!-- jieshou_module -->
		</if>
	    <if test="jianding_module != null and jianding_module != ''">
		      AND jianding_module = #{jianding_module}  <!-- jianding_module -->
		</if>
	    <if test="bianyan_module != null and bianyan_module != ''">
		      AND bianyan_module = #{bianyan_module}  <!-- bianyan_module -->
		</if>
	</sql>
	
	<!-- Where模糊匹配字段 -->
	<sql id="like">
	    <if test="id_ != null and id_ != ''">
		      AND id_ like '%${id_}%'  <!-- id_ -->
		</if>
	    <if test="account_ != null and account_ != ''">
		      AND account_ like '%${account_}%'  <!-- account_ -->
		</if>
	    <if test="password_ != null and password_ != ''">
		      AND password_ like '%${password_}%'  <!-- password_ -->
		</if>
	    <if test="name_ != null and name_ != ''">
		      AND name_ like '%${name_}%'  <!-- name_ -->
		</if>
	    <if test="sex_ != null and sex_ != ''">
		      AND sex_ like '%${sex_}%'  <!-- sex_ -->
		</if>
	    <if test="org_id_ != null and org_id_ != ''">
		      AND org_id_ like '%${org_id_}%'  <!-- org_id_ -->
		</if>
	    <if test="status_ != null and status_ != ''">
		      AND status_ like '%${status_}%'  <!-- status_ -->
		</if>
	    <if test="type_ != null and type_ != ''">
		      AND type_ like '%${type_}%'  <!-- type_ -->
		</if>
	    <if test="biz_code_ != null and biz_code_ != ''">
		      AND biz_code_ like '%${biz_code_}%'  <!-- biz_code_ -->
		</if>
	    <if test="create_time_ != null and create_time_ != ''">
		      AND create_time_ like '%${create_time_}%'  <!-- create_time_ -->
		</if>
	    <if test="creater_id_ != null and creater_id_ != ''">
		      AND creater_id_ like '%${creater_id_}%'  <!-- creater_id_ -->
		</if>
	    <if test="org_cascade_id_ != null and org_cascade_id_ != ''">
		      AND org_cascade_id_ like '%${org_cascade_id_}%'  <!-- org_cascade_id_ -->
		</if>
	    <if test="delete_flag_ != null and delete_flag_ != ''">
		      AND delete_flag_ like '%${delete_flag_}%'  <!-- delete_flag_ -->
		</if>
	    <if test="compilation_flag_ != null and compilation_flag_ != ''">
		      AND compilation_flag_ like '%${compilation_flag_}%'  <!-- compilation_flag_ -->
		</if>
	    <if test="checkup_flag_ != null and checkup_flag_ != ''">
		      AND checkup_flag_ like '%${checkup_flag_}%'  <!-- checkup_flag_ -->
		</if>
	    <if test="jieshou_module != null and jieshou_module != ''">
		      AND jieshou_module like '%${jieshou_module}%'  <!-- jieshou_module -->
		</if>
	    <if test="jianding_module != null and jianding_module != ''">
		      AND jianding_module like '%${jianding_module}%'  <!-- jianding_module -->
		</if>
	    <if test="bianyan_module != null and bianyan_module != ''">
		      AND bianyan_module like '%${bianyan_module}%'  <!-- bianyan_module -->
		</if>
	</sql>
	
</mapper>