<?xml version="1.0" encoding="UTF-8"?>
<!DOCTYPE mapper PUBLIC "-//mybatis.org//DTD Mapper 3.0//EN" 
"http://mybatis.org/dtd/mybatis-3-mapper.dtd">

<!-- 功能模块表[aos_sys_module]SQLMapper自动映射 -->
<!--  注意:此文件由AOS平台自动生成-禁止手工修改 2015-12-22 22:10:31 -->
<mapper namespace="cn.osworks.aos.system.dao.mapper.Aos_sys_moduleMapper">
	
	<!-- 插入一个数据持久化对象(插入字段为传入PO实体的非空属性) -->
	<insert id="insert"  parameterType="Aos_sys_modulePO">
		INSERT INTO aos_sys_module (
		<if test="cascade_id_ != null and cascade_id_ != ''">
	         cascade_id_, <!-- 节点语义ID -->
		</if>
		<if test="name_ != null and name_ != ''">
	         name_, <!-- 功能模块名称 -->
		</if>
		<if test="url_ != null and url_ != ''">
	         url_, <!-- 主页面URL -->
		</if>
		<if test="hotkey_ != null and hotkey_ != ''">
	         hotkey_, <!-- 热键 -->
		</if>
		<if test="parent_id_ != null and parent_id_ != ''">
	         parent_id_, <!-- 父节点流水号 -->
		</if>
		<if test="is_leaf_ != null and is_leaf_ != ''">
	         is_leaf_, <!-- 是否叶子节点 -->
		</if>
		<if test="is_auto_expand_ != null and is_auto_expand_ != ''">
	         is_auto_expand_, <!-- 是否自动展开 -->
		</if>
		<if test="icon_name_ != null and icon_name_ != ''">
	         icon_name_, <!-- 节点图标文件名称 -->
		</if>
		<if test="status_ != null and status_ != ''">
	         status_, <!-- 当前状态 -->
		</if>
		<if test="parent_name_ != null and parent_name_ != ''">
	         parent_name_, <!-- 父节点名称 -->
		</if>
		<if test="vector_ != null and vector_ != ''">
	         vector_, <!-- 矢量图标 -->
		</if>
		<if test="sort_no_ != null">
	         sort_no_, <!-- 排序号 -->
		</if>
		<if test="tablename != null and tablename!=''">
	         tablename, <!-- 链接目标表 -->
		</if>
		<if test="id_ != null and id_ != ''">
	          id_  <!-- 功能模块流水号 -->
	   </if>
		)VALUES(
		<if test="cascade_id_ != null and cascade_id_ != ''">
	          #{cascade_id_, jdbcType=VARCHAR}, <!-- 节点语义ID -->
	    </if>
		<if test="name_ != null and name_ != ''">
	          #{name_, jdbcType=VARCHAR}, <!-- 功能模块名称 -->
	    </if>
		<if test="url_ != null and url_ != ''">
	          #{url_, jdbcType=VARCHAR}, <!-- 主页面URL -->
	    </if>
		<if test="hotkey_ != null and hotkey_ != ''">
	          #{hotkey_, jdbcType=VARCHAR}, <!-- 热键 -->
	    </if>
		<if test="parent_id_ != null and parent_id_ != ''">
	          #{parent_id_, jdbcType=VARCHAR}, <!-- 父节点流水号 -->
	    </if>
		<if test="is_leaf_ != null and is_leaf_ != ''">
	          #{is_leaf_, jdbcType=VARCHAR}, <!-- 是否叶子节点 -->
	    </if>
		<if test="is_auto_expand_ != null and is_auto_expand_ != ''">
	          #{is_auto_expand_, jdbcType=VARCHAR}, <!-- 是否自动展开 -->
	    </if>
		<if test="icon_name_ != null and icon_name_ != ''">
	          #{icon_name_, jdbcType=VARCHAR}, <!-- 节点图标文件名称 -->
	    </if>
		<if test="status_ != null and status_ != ''">
	          #{status_, jdbcType=VARCHAR}, <!-- 当前状态 -->
	    </if>
		<if test="parent_name_ != null and parent_name_ != ''">
	          #{parent_name_, jdbcType=VARCHAR}, <!-- 父节点名称 -->
	    </if>
		<if test="vector_ != null and vector_ != ''">
	          #{vector_, jdbcType=VARCHAR}, <!-- 矢量图标 -->
	    </if>
		<if test="sort_no_ != null">
	          #{sort_no_, jdbcType=INTEGER}, <!-- 排序号 -->
	    </if>
	    <if test="tablename != null and tablename !=''">
	          #{tablename, jdbcType=VARCHAR}, <!-- 链接目标表 -->
	    </if>
		<if test="id_ != null and id_ != ''">
		     #{id_, jdbcType=VARCHAR}  <!-- 功能模块流水号 -->
	    </if>
		)
	</insert>
	
	<!-- 插入一个数据持久化对象(含所有字段) -->
	<insert id="insertAll"  parameterType="Aos_sys_modulePO">
		INSERT INTO aos_sys_module (
		    <include refid="column" />
		)
		VALUES (
		    #{id_, jdbcType=VARCHAR},  <!-- 功能模块流水号 -->
		    #{cascade_id_, jdbcType=VARCHAR},  <!-- 节点语义ID -->
		    #{name_, jdbcType=VARCHAR},  <!-- 功能模块名称 -->
		    #{url_, jdbcType=VARCHAR},  <!-- 主页面URL -->
		    #{hotkey_, jdbcType=VARCHAR},  <!-- 热键 -->
		    #{parent_id_, jdbcType=VARCHAR},  <!-- 父节点流水号 -->
		    #{is_leaf_, jdbcType=VARCHAR},  <!-- 是否叶子节点 -->
		    #{is_auto_expand_, jdbcType=VARCHAR},  <!-- 是否自动展开 -->
		    #{icon_name_, jdbcType=VARCHAR},  <!-- 节点图标文件名称 -->
		    #{status_, jdbcType=VARCHAR},  <!-- 当前状态 -->
		    #{parent_name_, jdbcType=VARCHAR},  <!-- 父节点名称 -->
		    #{vector_, jdbcType=VARCHAR},  <!-- 矢量图标 -->
		    #{sort_no_, jdbcType=INTEGER},  <!-- 排序号 -->
		    #{tablename,jdbcType=VARCHAR}
		)
	</insert>

	<!-- 根据主键修改数据持久化对象 -->
	<update id="updateByKey" parameterType="Aos_sys_modulePO">
		UPDATE aos_sys_module
		<set>
			<if test="id_ != null">
		          id_ = #{id_, jdbcType=VARCHAR},  <!-- 功能模块流水号 -->
			</if>
			<if test="cascade_id_ != null">
		          cascade_id_ = #{cascade_id_, jdbcType=VARCHAR},  <!-- 节点语义ID -->
			</if>
			<if test="name_ != null">
		          name_ = #{name_, jdbcType=VARCHAR},  <!-- 功能模块名称 -->
			</if>
			<if test="url_ != null">
		          url_ = #{url_, jdbcType=VARCHAR},  <!-- 主页面URL -->
			</if>
			<if test="hotkey_ != null">
		          hotkey_ = #{hotkey_, jdbcType=VARCHAR},  <!-- 热键 -->
			</if>
			<if test="parent_id_ != null">
		          parent_id_ = #{parent_id_, jdbcType=VARCHAR},  <!-- 父节点流水号 -->
			</if>
			<if test="is_leaf_ != null">
		          is_leaf_ = #{is_leaf_, jdbcType=VARCHAR},  <!-- 是否叶子节点 -->
			</if>
			<if test="is_auto_expand_ != null">
		          is_auto_expand_ = #{is_auto_expand_, jdbcType=VARCHAR},  <!-- 是否自动展开 -->
			</if>
			<if test="icon_name_ != null">
		          icon_name_ = #{icon_name_, jdbcType=VARCHAR},  <!-- 节点图标文件名称 -->
			</if>
			<if test="status_ != null">
		          status_ = #{status_, jdbcType=VARCHAR},  <!-- 当前状态 -->
			</if>
			<if test="parent_name_ != null">
		          parent_name_ = #{parent_name_, jdbcType=VARCHAR},  <!-- 父节点名称 -->
			</if>
			<if test="vector_ != null">
		          vector_ = #{vector_, jdbcType=VARCHAR},  <!-- 矢量图标 -->
			</if>
			<if test="sort_no_ != null">
		          sort_no_ = #{sort_no_, jdbcType=INTEGER},  <!-- 排序号 -->
			</if>
			<if test="tablename != null and tablename!=''" >
		          tablename = #{tablename, jdbcType=VARCHAR},  <!-- 链接目标表-->
			</if>
		</set>
		WHERE  id_ = #{id_}
	</update>
	
	<!-- 根据主键删除数据持久化对象 -->
	<delete id="deleteByKey">
		DELETE FROM aos_sys_module WHERE  id_ = #{id_}
	</delete>

	<!-- 根据主键查询并返回数据持久化对象 -->
	<select id="selectByKey" resultType="Aos_sys_modulePO">
		SELECT
		<include refid="column" />
		FROM aos_sys_module WHERE  id_ = #{id_}
	</select>

	<!-- 根据唯一组合条件查询并返回数据持久化对象 -->
	<select id="selectOne" parameterType="Dto" resultType="Aos_sys_modulePO">
		SELECT
		    <include refid="column" />
		FROM aos_sys_module
		<where>
		    <include refid="equal" />
		</where>		
	</select>

	<!-- 根据Dto查询并返回数据持久化对象集合 -->
	<select id="list" parameterType="Dto" resultType="Aos_sys_modulePO">
		SELECT
			<include refid="column" />	
		FROM aos_sys_module
		<where>
		    <include refid="equal" />
		</where>	
	</select>

	<!-- 根据Dto查询并返回分页数据持久化对象集合 -->
	<select id="listPage" parameterType="Dto" resultType="Aos_sys_modulePO" useCache="false">
	    SELECT
			<include refid="column" />	
		FROM aos_sys_module
		<where>
		    <include refid="equal" />
		</where>	
	</select>
	
	<!-- 根据Dto模糊查询并返回数据持久化对象集合(字符型字段模糊匹配，其余字段精确匹配) -->
	<select id="like" parameterType="Dto" resultType="Aos_sys_modulePO">
		SELECT
			<include refid="column" />	
		FROM aos_sys_module
		<where>
		    <include refid="like" />
		</where>	
	</select>

	<!-- 根据Dto模糊查询并返回分页数据持久化对象集合(字符型字段模糊匹配，其余字段精确匹配) -->
	<select id="likePage" parameterType="Dto" resultType="Aos_sys_modulePO" useCache="false">
	    SELECT
			<include refid="column" />	
		FROM aos_sys_module
		<where>
		    <include refid="like" />
		</where>	
	</select>
	
	<!-- 根据Dto统计行数 -->
	<select id="rows" resultType="Integer" parameterType="Dto">
		SELECT COUNT(1) AS aos_rows_ FROM aos_sys_module
		<where>
		    <include refid="equal" />
		</where>
	</select>
	
	<!-- 根据数学表达式进行数学运算 -->
	<select id="calc" parameterType="Dto" resultType="String">
		SELECT
			${_expr}
		FROM aos_sys_module
		<where>
		    <include refid="equal" />
		</where>
	</select>
	
	<!-- 表字段 -->
	<sql id="column">
		  id_,  <!-- 功能模块流水号 -->
		  cascade_id_,  <!-- 节点语义ID -->
		  name_,  <!-- 功能模块名称 -->
		  url_,  <!-- 主页面URL -->
		  hotkey_,  <!-- 热键 -->
		  parent_id_,  <!-- 父节点流水号 -->
		  is_leaf_,  <!-- 是否叶子节点 -->
		  is_auto_expand_,  <!-- 是否自动展开 -->
		  icon_name_,  <!-- 节点图标文件名称 -->
		  status_,  <!-- 当前状态 -->
		  parent_name_,  <!-- 父节点名称 -->
		  vector_,  <!-- 矢量图标 -->
		  sort_no_,  <!-- 排序号 -->
		  tablename <!-- 链接目标表 -->
	</sql>
	
	<!-- 表字段(用于外表的关联时引用) -->
	<sql id="column2">
		  aos_sys_module.id_,  <!-- 功能模块流水号 -->
		  aos_sys_module.cascade_id_,  <!-- 节点语义ID -->
		  aos_sys_module.name_,  <!-- 功能模块名称 -->
		  aos_sys_module.url_,  <!-- 主页面URL -->
		  aos_sys_module.hotkey_,  <!-- 热键 -->
		  aos_sys_module.parent_id_,  <!-- 父节点流水号 -->
		  aos_sys_module.is_leaf_,  <!-- 是否叶子节点 -->
		  aos_sys_module.is_auto_expand_,  <!-- 是否自动展开 -->
		  aos_sys_module.icon_name_,  <!-- 节点图标文件名称 -->
		  aos_sys_module.status_,  <!-- 当前状态 -->
		  aos_sys_module.parent_name_,  <!-- 父节点名称 -->
		  aos_sys_module.vector_,  <!-- 矢量图标 -->
		  aos_sys_module.sort_no_,  <!-- 排序号 -->
		  aos_sys_module.tablename <!-- 链接目标表 -->
	</sql>

	<!-- Where精确匹配字段 -->
	<sql id="equal">
	    <if test="id_ != null and id_ != ''">
		      AND id_ = #{id_}  <!-- 功能模块流水号 -->
		</if>
	    <if test="cascade_id_ != null and cascade_id_ != ''">
		      AND cascade_id_ = #{cascade_id_}  <!-- 节点语义ID -->
		</if>
	    <if test="name_ != null and name_ != ''">
		      AND name_ = #{name_}  <!-- 功能模块名称 -->
		</if>
	    <if test="url_ != null and url_ != ''">
		      AND url_ = #{url_}  <!-- 主页面URL -->
		</if>
	    <if test="hotkey_ != null and hotkey_ != ''">
		      AND hotkey_ = #{hotkey_}  <!-- 热键 -->
		</if>
	    <if test="parent_id_ != null and parent_id_ != ''">
		      AND parent_id_ = #{parent_id_}  <!-- 父节点流水号 -->
		</if>
	    <if test="is_leaf_ != null and is_leaf_ != ''">
		      AND is_leaf_ = #{is_leaf_}  <!-- 是否叶子节点 -->
		</if>
	    <if test="is_auto_expand_ != null and is_auto_expand_ != ''">
		      AND is_auto_expand_ = #{is_auto_expand_}  <!-- 是否自动展开 -->
		</if>
	    <if test="icon_name_ != null and icon_name_ != ''">
		      AND icon_name_ = #{icon_name_}  <!-- 节点图标文件名称 -->
		</if>
	    <if test="status_ != null and status_ != ''">
		      AND status_ = #{status_}  <!-- 当前状态 -->
		</if>
	    <if test="parent_name_ != null and parent_name_ != ''">
		      AND parent_name_ = #{parent_name_}  <!-- 父节点名称 -->
		</if>
	    <if test="vector_ != null and vector_ != ''">
		      AND vector_ = #{vector_}  <!-- 矢量图标 -->
		</if>
	   <if test="sort_no_ != null ">
		      AND sort_no_ = #{sort_no_}  <!-- 排序号 -->
		</if>
		<if test="tablename != null and tablename!=''">
		      AND tablename = #{tablename}  <!-- 链接目标表 -->
		</if>
	</sql>
	
	<!-- Where模糊匹配字段 -->
	<sql id="like">
	    <if test="id_ != null and id_ != ''">
		      AND id_ like '%${id_}%'  <!-- 功能模块流水号 -->
		</if>
	    <if test="cascade_id_ != null and cascade_id_ != ''">
		      AND cascade_id_ like '%${cascade_id_}%'  <!-- 节点语义ID -->
		</if>
	    <if test="name_ != null and name_ != ''">
		      AND name_ like '%${name_}%'  <!-- 功能模块名称 -->
		</if>
	    <if test="url_ != null and url_ != ''">
		      AND url_ like '%${url_}%'  <!-- 主页面URL -->
		</if>
	    <if test="hotkey_ != null and hotkey_ != ''">
		      AND hotkey_ like '%${hotkey_}%'  <!-- 热键 -->
		</if>
	    <if test="parent_id_ != null and parent_id_ != ''">
		      AND parent_id_ like '%${parent_id_}%'  <!-- 父节点流水号 -->
		</if>
	    <if test="is_leaf_ != null and is_leaf_ != ''">
		      AND is_leaf_ like '%${is_leaf_}%'  <!-- 是否叶子节点 -->
		</if>
	    <if test="is_auto_expand_ != null and is_auto_expand_ != ''">
		      AND is_auto_expand_ like '%${is_auto_expand_}%'  <!-- 是否自动展开 -->
		</if>
	    <if test="icon_name_ != null and icon_name_ != ''">
		      AND icon_name_ like '%${icon_name_}%'  <!-- 节点图标文件名称 -->
		</if>
	    <if test="status_ != null and status_ != ''">
		      AND status_ like '%${status_}%'  <!-- 当前状态 -->
		</if>
	    <if test="parent_name_ != null and parent_name_ != ''">
		      AND parent_name_ like '%${parent_name_}%'  <!-- 父节点名称 -->
		</if>
	    <if test="vector_ != null and vector_ != ''">
		      AND vector_ like '%${vector_}%'  <!-- 矢量图标 -->
		</if>
		<if test="tablename != null and tablename != ''">
		      AND tablename like '%${tablename}%'  <!-- 矢量图标 -->
		</if>
	</sql>
	
</mapper>