<?xml version="1.0" encoding="UTF-8"?>
<!DOCTYPE mapper PUBLIC "-//mybatis.org//DTD Mapper 3.0//EN" 
"http://mybatis.org/dtd/mybatis-3-mapper.dtd">

<!-- 组织表[aos_sys_org]SQLMapper自动映射 -->
<!--  注意:此文件由AOS平台自动生成-禁止手工修改 2015-12-22 22:10:31 -->
<mapper namespace="cn.osworks.aos.system.dao.mapper.Aos_sys_orgMapper">
	
	<!-- 插入一个数据持久化对象(插入字段为传入PO实体的非空属性) -->
	<insert id="insert"  parameterType="Aos_sys_orgPO">
		INSERT INTO aos_sys_org (
		<if test="cascade_id_ != null and cascade_id_ != ''">
	         cascade_id_, <!-- 节点语义ID -->
		</if>
		<if test="name_ != null and name_ != ''">
	         name_, <!-- 组织名称 -->
		</if>
		<if test="hotkey_ != null and hotkey_ != ''">
	         hotkey_, <!-- 热键 -->
		</if>
		<if test="parent_id_ != null and parent_id_ != ''">
	         parent_id_, <!-- 父节点流水号 -->
		</if>
		<if test="pareant_name_ != null and pareant_name_ != ''">
	         pareant_name_, <!-- 父节点名称 -->
		</if>
		<if test="is_leaf_ != null and is_leaf_ != ''">
	         is_leaf_, <!-- 是否叶子节点 -->
		</if>
		<if test="is_auto_expand_ != null and is_auto_expand_ != ''">
	         is_auto_expand_, <!-- 是否自动展开 -->
		</if>
		<if test="icon_name_ != null and icon_name_ != ''">
	         icon_name_, <!-- 节点图标文件名称 -->
		</if>
		<if test="status_ != null and status_ != ''">
	         status_, <!-- 当前状态 -->
		</if>
		<if test="type_ != null and type_ != ''">
	         type_, <!-- 组织类型 -->
		</if>
		<if test="biz_code_ != null and biz_code_ != ''">
	         biz_code_, <!-- 业务对照码 -->
		</if>
		<if test="custom_code_ != null and custom_code_ != ''">
	         custom_code_, <!-- 自定义扩展码 -->
		</if>
		<if test="create_time_ != null and create_time_ != ''">
	         create_time_, <!-- 创建时间 -->
		</if>
		<if test="creater_id_ != null and creater_id_ != ''">
	         creater_id_, <!-- 创建人ID -->
		</if>
		<if test="sort_no_ != null">
	         sort_no_, <!-- 排序号 -->
		</if>
		<if test="id_ != null and id_ != ''">
	          id_  <!-- 流水号 -->
	   </if>
		)VALUES(
		<if test="cascade_id_ != null and cascade_id_ != ''">
	          #{cascade_id_, jdbcType=VARCHAR}, <!-- 节点语义ID -->
	    </if>
		<if test="name_ != null and name_ != ''">
	          #{name_, jdbcType=VARCHAR}, <!-- 组织名称 -->
	    </if>
		<if test="hotkey_ != null and hotkey_ != ''">
	          #{hotkey_, jdbcType=VARCHAR}, <!-- 热键 -->
	    </if>
		<if test="parent_id_ != null and parent_id_ != ''">
	          #{parent_id_, jdbcType=VARCHAR}, <!-- 父节点流水号 -->
	    </if>
		<if test="pareant_name_ != null and pareant_name_ != ''">
	          #{pareant_name_, jdbcType=VARCHAR}, <!-- 父节点名称 -->
	    </if>
		<if test="is_leaf_ != null and is_leaf_ != ''">
	          #{is_leaf_, jdbcType=VARCHAR}, <!-- 是否叶子节点 -->
	    </if>
		<if test="is_auto_expand_ != null and is_auto_expand_ != ''">
	          #{is_auto_expand_, jdbcType=VARCHAR}, <!-- 是否自动展开 -->
	    </if>
		<if test="icon_name_ != null and icon_name_ != ''">
	          #{icon_name_, jdbcType=VARCHAR}, <!-- 节点图标文件名称 -->
	    </if>
		<if test="status_ != null and status_ != ''">
	          #{status_, jdbcType=VARCHAR}, <!-- 当前状态 -->
	    </if>
		<if test="type_ != null and type_ != ''">
	          #{type_, jdbcType=VARCHAR}, <!-- 组织类型 -->
	    </if>
		<if test="biz_code_ != null and biz_code_ != ''">
	          #{biz_code_, jdbcType=VARCHAR}, <!-- 业务对照码 -->
	    </if>
		<if test="custom_code_ != null and custom_code_ != ''">
	          #{custom_code_, jdbcType=VARCHAR}, <!-- 自定义扩展码 -->
	    </if>
		<if test="create_time_ != null and create_time_ != ''">
	          #{create_time_, jdbcType=VARCHAR}, <!-- 创建时间 -->
	    </if>
		<if test="creater_id_ != null and creater_id_ != ''">
	          #{creater_id_, jdbcType=VARCHAR}, <!-- 创建人ID -->
	    </if>
		<if test="sort_no_ != null">
	          #{sort_no_, jdbcType=INTEGER}, <!-- 排序号 -->
	    </if>
		<if test="id_ != null and id_ != ''">
		     #{id_, jdbcType=VARCHAR}  <!-- 流水号 -->
	    </if>
		)
	</insert>
	
	<!-- 插入一个数据持久化对象(含所有字段) -->
	<insert id="insertAll"  parameterType="Aos_sys_orgPO">
		INSERT INTO aos_sys_org (
		    <include refid="column" />
		)
		VALUES (
		    #{id_, jdbcType=VARCHAR},  <!-- 流水号 -->
		    #{cascade_id_, jdbcType=VARCHAR},  <!-- 节点语义ID -->
		    #{name_, jdbcType=VARCHAR},  <!-- 组织名称 -->
		    #{hotkey_, jdbcType=VARCHAR},  <!-- 热键 -->
		    #{parent_id_, jdbcType=VARCHAR},  <!-- 父节点流水号 -->
		    #{pareant_name_, jdbcType=VARCHAR},  <!-- 父节点名称 -->
		    #{is_leaf_, jdbcType=VARCHAR},  <!-- 是否叶子节点 -->
		    #{is_auto_expand_, jdbcType=VARCHAR},  <!-- 是否自动展开 -->
		    #{icon_name_, jdbcType=VARCHAR},  <!-- 节点图标文件名称 -->
		    #{status_, jdbcType=VARCHAR},  <!-- 当前状态 -->
		    #{type_, jdbcType=VARCHAR},  <!-- 组织类型 -->
		    #{biz_code_, jdbcType=VARCHAR},  <!-- 业务对照码 -->
		    #{custom_code_, jdbcType=VARCHAR},  <!-- 自定义扩展码 -->
		    #{create_time_, jdbcType=VARCHAR},  <!-- 创建时间 -->
		    #{creater_id_, jdbcType=VARCHAR},  <!-- 创建人ID -->
		    #{sort_no_, jdbcType=INTEGER}  <!-- 排序号 -->
		)
	</insert>

	<!-- 根据主键修改数据持久化对象 -->
	<update id="updateByKey" parameterType="Aos_sys_orgPO">
		UPDATE aos_sys_org
		<set>
			<if test="id_ != null">
		          id_ = #{id_, jdbcType=VARCHAR},  <!-- 流水号 -->
			</if>
			<if test="cascade_id_ != null">
		          cascade_id_ = #{cascade_id_, jdbcType=VARCHAR},  <!-- 节点语义ID -->
			</if>
			<if test="name_ != null">
		          name_ = #{name_, jdbcType=VARCHAR},  <!-- 组织名称 -->
			</if>
			<if test="hotkey_ != null">
		          hotkey_ = #{hotkey_, jdbcType=VARCHAR},  <!-- 热键 -->
			</if>
			<if test="parent_id_ != null">
		          parent_id_ = #{parent_id_, jdbcType=VARCHAR},  <!-- 父节点流水号 -->
			</if>
			<if test="pareant_name_ != null">
		          pareant_name_ = #{pareant_name_, jdbcType=VARCHAR},  <!-- 父节点名称 -->
			</if>
			<if test="is_leaf_ != null">
		          is_leaf_ = #{is_leaf_, jdbcType=VARCHAR},  <!-- 是否叶子节点 -->
			</if>
			<if test="is_auto_expand_ != null">
		          is_auto_expand_ = #{is_auto_expand_, jdbcType=VARCHAR},  <!-- 是否自动展开 -->
			</if>
			<if test="icon_name_ != null">
		          icon_name_ = #{icon_name_, jdbcType=VARCHAR},  <!-- 节点图标文件名称 -->
			</if>
			<if test="status_ != null">
		          status_ = #{status_, jdbcType=VARCHAR},  <!-- 当前状态 -->
			</if>
			<if test="type_ != null">
		          type_ = #{type_, jdbcType=VARCHAR},  <!-- 组织类型 -->
			</if>
			<if test="biz_code_ != null">
		          biz_code_ = #{biz_code_, jdbcType=VARCHAR},  <!-- 业务对照码 -->
			</if>
			<if test="custom_code_ != null">
		          custom_code_ = #{custom_code_, jdbcType=VARCHAR},  <!-- 自定义扩展码 -->
			</if>
			<if test="create_time_ != null">
		          create_time_ = #{create_time_, jdbcType=VARCHAR},  <!-- 创建时间 -->
			</if>
			<if test="creater_id_ != null">
		          creater_id_ = #{creater_id_, jdbcType=VARCHAR},  <!-- 创建人ID -->
			</if>
			<if test="sort_no_ != null">
		          sort_no_ = #{sort_no_, jdbcType=INTEGER},  <!-- 排序号 -->
			</if>
		</set>
		WHERE  id_ = #{id_}
	</update>
	
	<!-- 根据主键删除数据持久化对象 -->
	<delete id="deleteByKey">
		DELETE FROM aos_sys_org WHERE  id_ = #{id_}
	</delete>

	<!-- 根据主键查询并返回数据持久化对象 -->
	<select id="selectByKey" resultType="Aos_sys_orgPO">
		SELECT
		<include refid="column" />
		FROM aos_sys_org WHERE  id_ = #{id_}
	</select>

	<!-- 根据唯一组合条件查询并返回数据持久化对象 -->
	<select id="selectOne" parameterType="Dto" resultType="Aos_sys_orgPO">
		SELECT
		    <include refid="column" />
		FROM aos_sys_org
		<where>
		    <include refid="equal" />
		</where>		
	</select>

	<!-- 根据Dto查询并返回数据持久化对象集合 -->
	<select id="list" parameterType="Dto" resultType="Aos_sys_orgPO">
		SELECT
			<include refid="column" />	
		FROM aos_sys_org
		<where>
		    <include refid="equal" />
		</where>	
	</select>

	<!-- 根据Dto查询并返回分页数据持久化对象集合 -->
	<select id="listPage" parameterType="Dto" resultType="Aos_sys_orgPO" useCache="false">
	    SELECT
			<include refid="column" />	
		FROM aos_sys_org
		<where>
		    <include refid="equal" />
		</where>	
	</select>
	
	<!-- 根据Dto模糊查询并返回数据持久化对象集合(字符型字段模糊匹配，其余字段精确匹配) -->
	<select id="like" parameterType="Dto" resultType="Aos_sys_orgPO">
		SELECT
			<include refid="column" />	
		FROM aos_sys_org
		<where>
		    <include refid="like" />
		</where>	
	</select>

	<!-- 根据Dto模糊查询并返回分页数据持久化对象集合(字符型字段模糊匹配，其余字段精确匹配) -->
	<select id="likePage" parameterType="Dto" resultType="Aos_sys_orgPO" useCache="false">
	    SELECT
			<include refid="column" />	
		FROM aos_sys_org
		<where>
		    <include refid="like" />
		</where>	
	</select>
	
	<!-- 根据Dto统计行数 -->
	<select id="rows" resultType="Integer" parameterType="Dto">
		SELECT COUNT(1) AS aos_rows_ FROM aos_sys_org
		<where>
		    <include refid="equal" />
		</where>
	</select>
	
	<!-- 根据数学表达式进行数学运算 -->
	<select id="calc" parameterType="Dto" resultType="String">
		SELECT
			${_expr}
		FROM aos_sys_org
		<where>
		    <include refid="equal" />
		</where>
	</select>
	
	<!-- 表字段 -->
	<sql id="column">
		  id_,  <!-- 流水号 -->
		  cascade_id_,  <!-- 节点语义ID -->
		  name_,  <!-- 组织名称 -->
		  hotkey_,  <!-- 热键 -->
		  parent_id_,  <!-- 父节点流水号 -->
		  pareant_name_,  <!-- 父节点名称 -->
		  is_leaf_,  <!-- 是否叶子节点 -->
		  is_auto_expand_,  <!-- 是否自动展开 -->
		  icon_name_,  <!-- 节点图标文件名称 -->
		  status_,  <!-- 当前状态 -->
		  type_,  <!-- 组织类型 -->
		  biz_code_,  <!-- 业务对照码 -->
		  custom_code_,  <!-- 自定义扩展码 -->
		  create_time_,  <!-- 创建时间 -->
		  creater_id_,  <!-- 创建人ID -->
		  sort_no_  <!-- 排序号 -->
	</sql>
	
	<!-- 表字段(用于外表的关联时引用) -->
	<sql id="column2">
		  aos_sys_org.id_,  <!-- 流水号 -->
		  aos_sys_org.cascade_id_,  <!-- 节点语义ID -->
		  aos_sys_org.name_,  <!-- 组织名称 -->
		  aos_sys_org.hotkey_,  <!-- 热键 -->
		  aos_sys_org.parent_id_,  <!-- 父节点流水号 -->
		  aos_sys_org.pareant_name_,  <!-- 父节点名称 -->
		  aos_sys_org.is_leaf_,  <!-- 是否叶子节点 -->
		  aos_sys_org.is_auto_expand_,  <!-- 是否自动展开 -->
		  aos_sys_org.icon_name_,  <!-- 节点图标文件名称 -->
		  aos_sys_org.status_,  <!-- 当前状态 -->
		  aos_sys_org.type_,  <!-- 组织类型 -->
		  aos_sys_org.biz_code_,  <!-- 业务对照码 -->
		  aos_sys_org.custom_code_,  <!-- 自定义扩展码 -->
		  aos_sys_org.create_time_,  <!-- 创建时间 -->
		  aos_sys_org.creater_id_,  <!-- 创建人ID -->
		  aos_sys_org.sort_no_  <!-- 排序号 -->
	</sql>

	<!-- Where精确匹配字段 -->
	<sql id="equal">
	    <if test="id_ != null and id_ != ''">
		      AND id_ = #{id_}  <!-- 流水号 -->
		</if>
	    <if test="cascade_id_ != null and cascade_id_ != ''">
		      AND cascade_id_ = #{cascade_id_}  <!-- 节点语义ID -->
		</if>
	    <if test="name_ != null and name_ != ''">
		      AND name_ = #{name_}  <!-- 组织名称 -->
		</if>
	    <if test="hotkey_ != null and hotkey_ != ''">
		      AND hotkey_ = #{hotkey_}  <!-- 热键 -->
		</if>
	    <if test="parent_id_ != null and parent_id_ != ''">
		      AND parent_id_ = #{parent_id_}  <!-- 父节点流水号 -->
		</if>
	    <if test="pareant_name_ != null and pareant_name_ != ''">
		      AND pareant_name_ = #{pareant_name_}  <!-- 父节点名称 -->
		</if>
	    <if test="is_leaf_ != null and is_leaf_ != ''">
		      AND is_leaf_ = #{is_leaf_}  <!-- 是否叶子节点 -->
		</if>
	    <if test="is_auto_expand_ != null and is_auto_expand_ != ''">
		      AND is_auto_expand_ = #{is_auto_expand_}  <!-- 是否自动展开 -->
		</if>
	    <if test="icon_name_ != null and icon_name_ != ''">
		      AND icon_name_ = #{icon_name_}  <!-- 节点图标文件名称 -->
		</if>
	    <if test="status_ != null and status_ != ''">
		      AND status_ = #{status_}  <!-- 当前状态 -->
		</if>
	    <if test="type_ != null and type_ != ''">
		      AND type_ = #{type_}  <!-- 组织类型 -->
		</if>
	    <if test="biz_code_ != null and biz_code_ != ''">
		      AND biz_code_ = #{biz_code_}  <!-- 业务对照码 -->
		</if>
	    <if test="custom_code_ != null and custom_code_ != ''">
		      AND custom_code_ = #{custom_code_}  <!-- 自定义扩展码 -->
		</if>
	    <if test="create_time_ != null and create_time_ != ''">
		      AND create_time_ = #{create_time_}  <!-- 创建时间 -->
		</if>
	    <if test="creater_id_ != null and creater_id_ != ''">
		      AND creater_id_ = #{creater_id_}  <!-- 创建人ID -->
		</if>
	   <if test="sort_no_ != null ">
		      AND sort_no_ = #{sort_no_}  <!-- 排序号 -->
		</if>
	</sql>
	
	<!-- Where模糊匹配字段 -->
	<sql id="like">
	    <if test="id_ != null and id_ != ''">
		      AND id_ like '%${id_}%'  <!-- 流水号 -->
		</if>
	    <if test="cascade_id_ != null and cascade_id_ != ''">
		      AND cascade_id_ like '%${cascade_id_}%'  <!-- 节点语义ID -->
		</if>
	    <if test="name_ != null and name_ != ''">
		      AND name_ like '%${name_}%'  <!-- 组织名称 -->
		</if>
	    <if test="hotkey_ != null and hotkey_ != ''">
		      AND hotkey_ like '%${hotkey_}%'  <!-- 热键 -->
		</if>
	    <if test="parent_id_ != null and parent_id_ != ''">
		      AND parent_id_ like '%${parent_id_}%'  <!-- 父节点流水号 -->
		</if>
	    <if test="pareant_name_ != null and pareant_name_ != ''">
		      AND pareant_name_ like '%${pareant_name_}%'  <!-- 父节点名称 -->
		</if>
	    <if test="is_leaf_ != null and is_leaf_ != ''">
		      AND is_leaf_ like '%${is_leaf_}%'  <!-- 是否叶子节点 -->
		</if>
	    <if test="is_auto_expand_ != null and is_auto_expand_ != ''">
		      AND is_auto_expand_ like '%${is_auto_expand_}%'  <!-- 是否自动展开 -->
		</if>
	    <if test="icon_name_ != null and icon_name_ != ''">
		      AND icon_name_ like '%${icon_name_}%'  <!-- 节点图标文件名称 -->
		</if>
	    <if test="status_ != null and status_ != ''">
		      AND status_ like '%${status_}%'  <!-- 当前状态 -->
		</if>
	    <if test="type_ != null and type_ != ''">
		      AND type_ like '%${type_}%'  <!-- 组织类型 -->
		</if>
	    <if test="biz_code_ != null and biz_code_ != ''">
		      AND biz_code_ like '%${biz_code_}%'  <!-- 业务对照码 -->
		</if>
	    <if test="custom_code_ != null and custom_code_ != ''">
		      AND custom_code_ like '%${custom_code_}%'  <!-- 自定义扩展码 -->
		</if>
	    <if test="create_time_ != null and create_time_ != ''">
		      AND create_time_ like '%${create_time_}%'  <!-- 创建时间 -->
		</if>
	    <if test="creater_id_ != null and creater_id_ != ''">
		      AND creater_id_ like '%${creater_id_}%'  <!-- 创建人ID -->
		</if>
	</sql>
	
</mapper>