<?xml version="1.0" encoding="UTF-8"?>
<!DOCTYPE mapper PUBLIC "-//mybatis.org//DTD Mapper 3.0//EN" 
"http://mybatis.org/dtd/mybatis-3-mapper.dtd">

<!-- archive_posun[archive_posun]SQLMapper自动映射 -->
<!--  注意:此文件由AOS平台自动生成-禁止手工修改 2019-11-14 17:01:43 -->
<mapper namespace="cn.osworks.aos.system.dao.mapper.Archive_posunMapper">
	
	<!-- 插入一个数据持久化对象(插入字段为传入PO实体的非空属性) -->
	<insert id="insert"  parameterType="Archive_posunPO">
		INSERT INTO archive_posun (
		<if test="tid != null and tid != ''">
	         tid, <!-- tid -->
		</if>
		<if test="posun_chengdu != null and posun_chengdu != ''">
	         posun_chengdu, <!-- posun_chengdu -->
		</if>
		<if test="posun_page_number != null and posun_page_number != ''">
	         posun_page_number, <!-- posun_page_number -->
		</if>
		<if test="posun_page_sum != null and posun_page_sum != ''">
	         posun_page_sum, <!-- posun_page_sum -->
		</if>
		<if test="dj_person != null and dj_person != ''">
	         dj_person, <!-- dj_person -->
		</if>
		<if test="dj_person_cn != null and dj_person_cn != ''">
	         dj_person_cn, <!-- dj_person_cn -->
		</if>
		<if test="id_ != null and id_ != ''">
	          id_  <!-- id_ -->
	   </if>
		)VALUES(
		<if test="tid != null and tid != ''">
	          #{tid, jdbcType=VARCHAR}, <!-- tid -->
	    </if>
		<if test="posun_chengdu != null and posun_chengdu != ''">
	          #{posun_chengdu, jdbcType=VARCHAR}, <!-- posun_chengdu -->
	    </if>
		<if test="posun_page_number != null and posun_page_number != ''">
	          #{posun_page_number, jdbcType=VARCHAR}, <!-- posun_page_number -->
	    </if>
		<if test="posun_page_sum != null and posun_page_sum != ''">
	          #{posun_page_sum, jdbcType=VARCHAR}, <!-- posun_page_sum -->
	    </if>
		<if test="dj_person != null and dj_person != ''">
	          #{dj_person, jdbcType=VARCHAR}, <!-- dj_person -->
	    </if>
		<if test="dj_person_cn != null and dj_person_cn != ''">
	          #{dj_person_cn, jdbcType=VARCHAR}, <!-- dj_person_cn -->
	    </if>
		<if test="id_ != null and id_ != ''">
		     #{id_, jdbcType=VARCHAR}  <!-- id_ -->
	    </if>
		)
	</insert>
	
	<!-- 插入一个数据持久化对象(含所有字段) -->
	<insert id="insertAll"  parameterType="Archive_posunPO">
		INSERT INTO archive_posun (
		    <include refid="column" />
		)
		VALUES (
		    #{id_, jdbcType=VARCHAR},  <!-- id_ -->
		    #{tid, jdbcType=VARCHAR},  <!-- tid -->
		    #{posun_chengdu, jdbcType=VARCHAR},  <!-- posun_chengdu -->
		    #{posun_page_number, jdbcType=VARCHAR},  <!-- posun_page_number -->
		    #{posun_page_sum, jdbcType=VARCHAR},  <!-- posun_page_sum -->
		    #{dj_person, jdbcType=VARCHAR},  <!-- dj_person -->
		    #{dj_person_cn, jdbcType=VARCHAR}  <!-- dj_person_cn -->
		)
	</insert>

	<!-- 根据主键修改数据持久化对象 -->
	<update id="updateByKey" parameterType="Archive_posunPO">
		UPDATE archive_posun
		<set>
			<if test="id_ != null">
		          id_ = #{id_, jdbcType=VARCHAR},  <!-- id_ -->
			</if>
			<if test="tid != null">
		          tid = #{tid, jdbcType=VARCHAR},  <!-- tid -->
			</if>
			<if test="posun_chengdu != null">
		          posun_chengdu = #{posun_chengdu, jdbcType=VARCHAR},  <!-- posun_chengdu -->
			</if>
			<if test="posun_page_number != null">
		          posun_page_number = #{posun_page_number, jdbcType=VARCHAR},  <!-- posun_page_number -->
			</if>
			<if test="posun_page_sum != null">
		          posun_page_sum = #{posun_page_sum, jdbcType=VARCHAR},  <!-- posun_page_sum -->
			</if>
			<if test="dj_person != null">
		          dj_person = #{dj_person, jdbcType=VARCHAR},  <!-- dj_person -->
			</if>
			<if test="dj_person_cn != null">
		          dj_person_cn = #{dj_person_cn, jdbcType=VARCHAR},  <!-- dj_person_cn -->
			</if>
		</set>
		WHERE  id_ = #{id_}
	</update>
	
	<!-- 根据主键删除数据持久化对象 -->
	<delete id="deleteByKey">
		DELETE FROM archive_posun WHERE  id_ = #{id_}
	</delete>

	<!-- 根据主键查询并返回数据持久化对象 -->
	<select id="selectByKey" resultType="Archive_posunPO">
		SELECT
		<include refid="column" />
		FROM archive_posun WHERE  id_ = #{id_}
	</select>

	<!-- 根据唯一组合条件查询并返回数据持久化对象 -->
	<select id="selectOne" parameterType="Dto" resultType="Archive_posunPO">
		SELECT
		    <include refid="column" />
		FROM archive_posun
		<where>
		    <include refid="equal" />
		</where>		
	</select>

	<!-- 根据Dto查询并返回数据持久化对象集合 -->
	<select id="list" parameterType="Dto" resultType="Archive_posunPO">
		SELECT
			<include refid="column" />	
		FROM archive_posun
		<where>
		    <include refid="equal" />
		</where>	
	</select>

	<!-- 根据Dto查询并返回分页数据持久化对象集合 -->
	<select id="listPage" parameterType="Dto" resultType="Archive_posunPO" useCache="false">
	    SELECT
			<include refid="column" />	
		FROM archive_posun
		<where>
		    <include refid="equal" />
		</where>	
	</select>
	
	<!-- 根据Dto模糊查询并返回数据持久化对象集合(字符型字段模糊匹配，其余字段精确匹配) -->
	<select id="like" parameterType="Dto" resultType="Archive_posunPO">
		SELECT
			<include refid="column" />	
		FROM archive_posun
		<where>
		    <include refid="like" />
		</where>	
	</select>

	<!-- 根据Dto模糊查询并返回分页数据持久化对象集合(字符型字段模糊匹配，其余字段精确匹配) -->
	<select id="likePage" parameterType="Dto" resultType="Archive_posunPO" useCache="false">
	    SELECT
			<include refid="column" />	
		FROM archive_posun
		<where>
		    <include refid="like" />
		</where>	
	</select>
	
	<!-- 根据Dto统计行数 -->
	<select id="rows" resultType="Integer" parameterType="Dto">
		SELECT COUNT(1) AS aos_rows_ FROM archive_posun
		<where>
		    <include refid="equal" />
		</where>
	</select>
	
	<!-- 根据数学表达式进行数学运算 -->
	<select id="calc" parameterType="Dto" resultType="String">
		SELECT
			${_expr}
		FROM archive_posun
		<where>
		    <include refid="equal" />
		</where>
	</select>
	
	<!-- 表字段 -->
	<sql id="column">
		  id_,  <!-- id_ -->
		  tid,  <!-- tid -->
		  posun_chengdu,  <!-- posun_chengdu -->
		  posun_page_number,  <!-- posun_page_number -->
		  posun_page_sum,  <!-- posun_page_sum -->
		  dj_person,  <!-- dj_person -->
		  dj_person_cn  <!-- dj_person_cn -->
	</sql>
	
	<!-- 表字段(用于外表的关联时引用) -->
	<sql id="column2">
		  archive_posun.id_,  <!-- id_ -->
		  archive_posun.tid,  <!-- tid -->
		  archive_posun.posun_chengdu,  <!-- posun_chengdu -->
		  archive_posun.posun_page_number,  <!-- posun_page_number -->
		  archive_posun.posun_page_sum,  <!-- posun_page_sum -->
		  archive_posun.dj_person,  <!-- dj_person -->
		  archive_posun.dj_person_cn  <!-- dj_person_cn -->
	</sql>

	<!-- Where精确匹配字段 -->
	<sql id="equal">
	    <if test="id_ != null and id_ != ''">
		      AND id_ = #{id_}  <!-- id_ -->
		</if>
	    <if test="tid != null and tid != ''">
		      AND tid = #{tid}  <!-- tid -->
		</if>
	    <if test="posun_chengdu != null and posun_chengdu != ''">
		      AND posun_chengdu = #{posun_chengdu}  <!-- posun_chengdu -->
		</if>
	    <if test="posun_page_number != null and posun_page_number != ''">
		      AND posun_page_number = #{posun_page_number}  <!-- posun_page_number -->
		</if>
	    <if test="posun_page_sum != null and posun_page_sum != ''">
		      AND posun_page_sum = #{posun_page_sum}  <!-- posun_page_sum -->
		</if>
	    <if test="dj_person != null and dj_person != ''">
		      AND dj_person = #{dj_person}  <!-- dj_person -->
		</if>
	    <if test="dj_person_cn != null and dj_person_cn != ''">
		      AND dj_person_cn = #{dj_person_cn}  <!-- dj_person_cn -->
		</if>
	</sql>
	
	<!-- Where模糊匹配字段 -->
	<sql id="like">
	    <if test="id_ != null and id_ != ''">
		      AND id_ like '%${id_}%'  <!-- id_ -->
		</if>
	    <if test="tid != null and tid != ''">
		      AND tid like '%${tid}%'  <!-- tid -->
		</if>
	    <if test="posun_chengdu != null and posun_chengdu != ''">
		      AND posun_chengdu like '%${posun_chengdu}%'  <!-- posun_chengdu -->
		</if>
	    <if test="posun_page_number != null and posun_page_number != ''">
		      AND posun_page_number like '%${posun_page_number}%'  <!-- posun_page_number -->
		</if>
	    <if test="posun_page_sum != null and posun_page_sum != ''">
		      AND posun_page_sum like '%${posun_page_sum}%'  <!-- posun_page_sum -->
		</if>
	    <if test="dj_person != null and dj_person != ''">
		      AND dj_person like '%${dj_person}%'  <!-- dj_person -->
		</if>
	    <if test="dj_person_cn != null and dj_person_cn != ''">
		      AND dj_person_cn like '%${dj_person_cn}%'  <!-- dj_person_cn -->
		</if>
	</sql>
	
</mapper>