<?xml version="1.0" encoding="UTF-8"?>
<!DOCTYPE mapper PUBLIC "-//mybatis.org//DTD Mapper 3.0//EN" 
"http://mybatis.org/dtd/mybatis-3-mapper.dtd">

<!-- archive_transfer_tablenameid[archive_transfer_tablenameid]SQLMapper自动映射 -->
<!--  注意:此文件由AOS平台自动生成-禁止手工修改 2019-11-07 19:08:33 -->
<mapper namespace="cn.osworks.aos.system.dao.mapper.Archive_transfer_tablenameidMapper">
	
	<!-- 插入一个数据持久化对象(插入字段为传入PO实体的非空属性) -->
	<insert id="insert"  parameterType="Archive_transfer_tablenameidPO">
		INSERT INTO archive_transfer_tablenameid (
		<if test="pid != null and pid != ''">
	         pid, <!-- pid -->
		</if>
		<if test="tablename_id != null and tablename_id != ''">
	         tablename_id, <!-- tablename_id -->
		</if>
		<if test="tablename != null and tablename != ''">
	         tablename, <!-- tablename -->
		</if>
		<if test="id_ != null and id_ != ''">
	          id_  <!-- id_ -->
	   </if>
		)VALUES(
		<if test="pid != null and pid != ''">
	          #{pid, jdbcType=VARCHAR}, <!-- pid -->
	    </if>
		<if test="tablename_id != null and tablename_id != ''">
	          #{tablename_id, jdbcType=VARCHAR}, <!-- tablename_id -->
	    </if>
		<if test="tablename != null and tablename != ''">
	          #{tablename, jdbcType=VARCHAR}, <!-- tablename -->
	    </if>
		<if test="id_ != null and id_ != ''">
		     #{id_, jdbcType=VARCHAR}  <!-- id_ -->
	    </if>
		)
	</insert>
	
	<!-- 插入一个数据持久化对象(含所有字段) -->
	<insert id="insertAll"  parameterType="Archive_transfer_tablenameidPO">
		INSERT INTO archive_transfer_tablenameid (
		    <include refid="column" />
		)
		VALUES (
		    #{id_, jdbcType=VARCHAR},  <!-- id_ -->
		    #{pid, jdbcType=VARCHAR},  <!-- pid -->
		    #{tablename_id, jdbcType=VARCHAR},  <!-- tablename_id -->
		    #{tablename, jdbcType=VARCHAR}  <!-- tablename -->
		)
	</insert>

	<!-- 根据主键修改数据持久化对象 -->
	<update id="updateByKey" parameterType="Archive_transfer_tablenameidPO">
		UPDATE archive_transfer_tablenameid
		<set>
			<if test="id_ != null">
		          id_ = #{id_, jdbcType=VARCHAR},  <!-- id_ -->
			</if>
			<if test="pid != null">
		          pid = #{pid, jdbcType=VARCHAR},  <!-- pid -->
			</if>
			<if test="tablename_id != null">
		          tablename_id = #{tablename_id, jdbcType=VARCHAR},  <!-- tablename_id -->
			</if>
			<if test="tablename != null">
		          tablename = #{tablename, jdbcType=VARCHAR},  <!-- tablename -->
			</if>
		</set>
		WHERE  id_ = #{id_}
	</update>
	
	<!-- 根据主键删除数据持久化对象 -->
	<delete id="deleteByKey">
		DELETE FROM archive_transfer_tablenameid WHERE  id_ = #{id_}
	</delete>

	<!-- 根据主键查询并返回数据持久化对象 -->
	<select id="selectByKey" resultType="Archive_transfer_tablenameidPO">
		SELECT
		<include refid="column" />
		FROM archive_transfer_tablenameid WHERE  id_ = #{id_}
	</select>

	<!-- 根据唯一组合条件查询并返回数据持久化对象 -->
	<select id="selectOne" parameterType="Dto" resultType="Archive_transfer_tablenameidPO">
		SELECT
		    <include refid="column" />
		FROM archive_transfer_tablenameid
		<where>
		    <include refid="equal" />
		</where>		
	</select>

	<!-- 根据Dto查询并返回数据持久化对象集合 -->
	<select id="list" parameterType="Dto" resultType="Archive_transfer_tablenameidPO">
		SELECT
			<include refid="column" />	
		FROM archive_transfer_tablenameid
		<where>
		    <include refid="equal" />
		</where>	
	</select>

	<!-- 根据Dto查询并返回分页数据持久化对象集合 -->
	<select id="listPage" parameterType="Dto" resultType="Archive_transfer_tablenameidPO" useCache="false">
	    SELECT
			<include refid="column" />	
		FROM archive_transfer_tablenameid
		<where>
		    <include refid="equal" />
		</where>	
	</select>
	
	<!-- 根据Dto模糊查询并返回数据持久化对象集合(字符型字段模糊匹配，其余字段精确匹配) -->
	<select id="like" parameterType="Dto" resultType="Archive_transfer_tablenameidPO">
		SELECT
			<include refid="column" />	
		FROM archive_transfer_tablenameid
		<where>
		    <include refid="like" />
		</where>	
	</select>

	<!-- 根据Dto模糊查询并返回分页数据持久化对象集合(字符型字段模糊匹配，其余字段精确匹配) -->
	<select id="likePage" parameterType="Dto" resultType="Archive_transfer_tablenameidPO" useCache="false">
	    SELECT
			<include refid="column" />	
		FROM archive_transfer_tablenameid
		<where>
		    <include refid="like" />
		</where>	
	</select>
	
	<!-- 根据Dto统计行数 -->
	<select id="rows" resultType="Integer" parameterType="Dto">
		SELECT COUNT(1) AS aos_rows_ FROM archive_transfer_tablenameid
		<where>
		    <include refid="equal" />
		</where>
	</select>
	
	<!-- 根据数学表达式进行数学运算 -->
	<select id="calc" parameterType="Dto" resultType="String">
		SELECT
			${_expr}
		FROM archive_transfer_tablenameid
		<where>
		    <include refid="equal" />
		</where>
	</select>
	
	<!-- 表字段 -->
	<sql id="column">
		  id_,  <!-- id_ -->
		  pid,  <!-- pid -->
		  tablename_id,  <!-- tablename_id -->
		  tablename  <!-- tablename -->
	</sql>
	
	<!-- 表字段(用于外表的关联时引用) -->
	<sql id="column2">
		  archive_transfer_tablenameid.id_,  <!-- id_ -->
		  archive_transfer_tablenameid.pid,  <!-- pid -->
		  archive_transfer_tablenameid.tablename_id,  <!-- tablename_id -->
		  archive_transfer_tablenameid.tablename  <!-- tablename -->
	</sql>

	<!-- Where精确匹配字段 -->
	<sql id="equal">
	    <if test="id_ != null and id_ != ''">
		      AND id_ = #{id_}  <!-- id_ -->
		</if>
	    <if test="pid != null and pid != ''">
		      AND pid = #{pid}  <!-- pid -->
		</if>
	    <if test="tablename_id != null and tablename_id != ''">
		      AND tablename_id = #{tablename_id}  <!-- tablename_id -->
		</if>
	    <if test="tablename != null and tablename != ''">
		      AND tablename = #{tablename}  <!-- tablename -->
		</if>
	</sql>
	
	<!-- Where模糊匹配字段 -->
	<sql id="like">
	    <if test="id_ != null and id_ != ''">
		      AND id_ like '%${id_}%'  <!-- id_ -->
		</if>
	    <if test="pid != null and pid != ''">
		      AND pid like '%${pid}%'  <!-- pid -->
		</if>
	    <if test="tablename_id != null and tablename_id != ''">
		      AND tablename_id like '%${tablename_id}%'  <!-- tablename_id -->
		</if>
	    <if test="tablename != null and tablename != ''">
		      AND tablename like '%${tablename}%'  <!-- tablename -->
		</if>
	</sql>
	
</mapper>