<?xml version="1.0" encoding="UTF-8"?>
<!DOCTYPE mapper PUBLIC "-//mybatis.org//DTD Mapper 3.0//EN" 
"http://mybatis.org/dtd/mybatis-3-mapper.dtd">

<!-- archive_compilation_rw[archive_compilation_rw]SQLMapper自动映射 -->
<!--  注意:此文件由AOS平台自动生成-禁止手工修改 2020-03-24 14:43:05 -->
<mapper namespace="cn.osworks.aos.system.dao.mapper.Archive_compilation_rwMapper">
	
	<!-- 插入一个数据持久化对象(插入字段为传入PO实体的非空属性) -->
	<insert id="insert"  parameterType="Archive_compilation_rwPO">
		INSERT INTO archive_compilation_rw (
		<if test="byrwbh != null and byrwbh != ''">
	         byrwbh, <!-- byrwbh -->
		</if>
		<if test="byrwmc != null and byrwmc != ''">
	         byrwmc, <!-- byrwmc -->
		</if>
		<if test="ztyq != null and ztyq != ''">
	         ztyq, <!-- ztyq -->
		</if>
		<if test="bysj != null and bysj != ''">
	         bysj, <!-- bysj -->
		</if>
		<if test="ckfw != null and ckfw != ''">
	         ckfw, <!-- ckfw -->
		</if>
		<if test="bybz != null and bybz != ''">
	         bybz, <!-- bybz -->
		</if>
		<if test="zgr != null and zgr != ''">
	         zgr, <!-- zgr -->
		</if>
		<if test="hgr != null and hgr != ''">
	         hgr, <!-- hgr -->
		</if>
		<if test="jdr != null and jdr != ''">
	         jdr, <!-- jdr -->
		</if>
		<if test="zbj != null and zbj != ''">
	         zbj, <!-- zbj -->
		</if>
		<if test="qtsm != null and qtsm != ''">
	         qtsm, <!-- qtsm -->
		</if>
		<if test="shry != null and shry != ''">
	         shry, <!-- shry -->
		</if>
		<if test="shsj != null and shsj != ''">
	         shsj, <!-- shsj -->
		</if>
		<if test="shyj != null and shyj != ''">
	         shyj, <!-- shyj -->
		</if>
		<if test="hgsj != null and hgsj != ''">
	         hgsj, <!-- hgsj -->
		</if>
		<if test="jdsj != null and jdsj != ''">
	         jdsj, <!-- jdsj -->
		</if>
		<if test="dgsj != null and dgsj != ''">
	         dgsj, <!-- dgsj -->
		</if>
		<if test="cjr != null and cjr != ''">
	         cjr, <!-- cjr -->
		</if>
		<if test="flag_submit != null and flag_submit != ''">
	         flag_submit, <!-- flag_submit -->
		</if>
		<if test="flag_examine != null and flag_examine != ''">
	         flag_examine, <!-- flag_examine -->
		</if>
		<if test="ztmc != null and ztmc != ''">
	         ztmc, <!-- ztmc -->
		</if>
		<if test="sjkmc != null and sjkmc != ''">
	         sjkmc, <!-- sjkmc -->
		</if>
		<if test="zgr_cn != null and zgr_cn != ''">
	         zgr_cn, <!-- zgr_cn -->
		</if>
		<if test="hgr_cn != null and hgr_cn != ''">
	         hgr_cn, <!-- hgr_cn -->
		</if>
		<if test="jdr_cn != null and jdr_cn != ''">
	         jdr_cn, <!-- jdr_cn -->
		</if>
		<if test="zbj_cn != null and zbj_cn != ''">
	         zbj_cn, <!-- zbj_cn -->
		</if>
		<if test="flag != null and flag != ''">
	         flag, <!-- flag -->
		</if>
		<if test="zg_time != null and zg_time != ''">
	         zg_time, <!-- zg_time -->
		</if>
		<if test="hg_time != null and hg_time != ''">
	         hg_time, <!-- hg_time -->
		</if>
		<if test="jd_time != null and jd_time != ''">
	         jd_time, <!-- jd_time -->
		</if>
		<if test="zbj_time != null and zbj_time != ''">
	         zbj_time, <!-- zbj_time -->
		</if>
		<if test="zg_message != null and zg_message != ''">
	         zg_message, <!-- zg_message -->
		</if>
		<if test="hg_message != null and hg_message != ''">
	         hg_message, <!-- hg_message -->
		</if>
		<if test="nd != null and nd != ''">
	         nd, <!-- nd -->
		</if>
		<if test="_path != null and _path != ''">
	         _path, <!-- _path -->
		</if>
		<if test="sjkms != null and sjkms != ''">
	         sjkms, <!-- sjkms -->
		</if>
		<if test="zt_id != null and zt_id != ''">
	         zt_id, <!-- zt_id -->
		</if>
		<if test="id_ != null and id_ != ''">
	          id_  <!-- id_ -->
	   </if>
		)VALUES(
		<if test="byrwbh != null and byrwbh != ''">
	          #{byrwbh, jdbcType=VARCHAR}, <!-- byrwbh -->
	    </if>
		<if test="byrwmc != null and byrwmc != ''">
	          #{byrwmc, jdbcType=VARCHAR}, <!-- byrwmc -->
	    </if>
		<if test="ztyq != null and ztyq != ''">
	          #{ztyq, jdbcType=VARCHAR}, <!-- ztyq -->
	    </if>
		<if test="bysj != null and bysj != ''">
	          #{bysj, jdbcType=VARCHAR}, <!-- bysj -->
	    </if>
		<if test="ckfw != null and ckfw != ''">
	          #{ckfw, jdbcType=VARCHAR}, <!-- ckfw -->
	    </if>
		<if test="bybz != null and bybz != ''">
	          #{bybz, jdbcType=VARCHAR}, <!-- bybz -->
	    </if>
		<if test="zgr != null and zgr != ''">
	          #{zgr, jdbcType=VARCHAR}, <!-- zgr -->
	    </if>
		<if test="hgr != null and hgr != ''">
	          #{hgr, jdbcType=VARCHAR}, <!-- hgr -->
	    </if>
		<if test="jdr != null and jdr != ''">
	          #{jdr, jdbcType=VARCHAR}, <!-- jdr -->
	    </if>
		<if test="zbj != null and zbj != ''">
	          #{zbj, jdbcType=VARCHAR}, <!-- zbj -->
	    </if>
		<if test="qtsm != null and qtsm != ''">
	          #{qtsm, jdbcType=VARCHAR}, <!-- qtsm -->
	    </if>
		<if test="shry != null and shry != ''">
	          #{shry, jdbcType=VARCHAR}, <!-- shry -->
	    </if>
		<if test="shsj != null and shsj != ''">
	          #{shsj, jdbcType=VARCHAR}, <!-- shsj -->
	    </if>
		<if test="shyj != null and shyj != ''">
	          #{shyj, jdbcType=VARCHAR}, <!-- shyj -->
	    </if>
		<if test="hgsj != null and hgsj != ''">
	          #{hgsj, jdbcType=VARCHAR}, <!-- hgsj -->
	    </if>
		<if test="jdsj != null and jdsj != ''">
	          #{jdsj, jdbcType=VARCHAR}, <!-- jdsj -->
	    </if>
		<if test="dgsj != null and dgsj != ''">
	          #{dgsj, jdbcType=VARCHAR}, <!-- dgsj -->
	    </if>
		<if test="cjr != null and cjr != ''">
	          #{cjr, jdbcType=VARCHAR}, <!-- cjr -->
	    </if>
		<if test="flag_submit != null and flag_submit != ''">
	          #{flag_submit, jdbcType=VARCHAR}, <!-- flag_submit -->
	    </if>
		<if test="flag_examine != null and flag_examine != ''">
	          #{flag_examine, jdbcType=VARCHAR}, <!-- flag_examine -->
	    </if>
		<if test="ztmc != null and ztmc != ''">
	          #{ztmc, jdbcType=VARCHAR}, <!-- ztmc -->
	    </if>
		<if test="sjkmc != null and sjkmc != ''">
	          #{sjkmc, jdbcType=VARCHAR}, <!-- sjkmc -->
	    </if>
		<if test="zgr_cn != null and zgr_cn != ''">
	          #{zgr_cn, jdbcType=VARCHAR}, <!-- zgr_cn -->
	    </if>
		<if test="hgr_cn != null and hgr_cn != ''">
	          #{hgr_cn, jdbcType=VARCHAR}, <!-- hgr_cn -->
	    </if>
		<if test="jdr_cn != null and jdr_cn != ''">
	          #{jdr_cn, jdbcType=VARCHAR}, <!-- jdr_cn -->
	    </if>
		<if test="zbj_cn != null and zbj_cn != ''">
	          #{zbj_cn, jdbcType=VARCHAR}, <!-- zbj_cn -->
	    </if>
		<if test="flag != null and flag != ''">
	          #{flag, jdbcType=VARCHAR}, <!-- flag -->
	    </if>
		<if test="zg_time != null and zg_time != ''">
	          #{zg_time, jdbcType=VARCHAR}, <!-- zg_time -->
	    </if>
		<if test="hg_time != null and hg_time != ''">
	          #{hg_time, jdbcType=VARCHAR}, <!-- hg_time -->
	    </if>
		<if test="jd_time != null and jd_time != ''">
	          #{jd_time, jdbcType=VARCHAR}, <!-- jd_time -->
	    </if>
		<if test="zbj_time != null and zbj_time != ''">
	          #{zbj_time, jdbcType=VARCHAR}, <!-- zbj_time -->
	    </if>
		<if test="zg_message != null and zg_message != ''">
	          #{zg_message, jdbcType=VARCHAR}, <!-- zg_message -->
	    </if>
		<if test="hg_message != null and hg_message != ''">
	          #{hg_message, jdbcType=VARCHAR}, <!-- hg_message -->
	    </if>
		<if test="nd != null and nd != ''">
	          #{nd, jdbcType=VARCHAR}, <!-- nd -->
	    </if>
		<if test="_path != null and _path != ''">
	          #{_path, jdbcType=VARCHAR}, <!-- _path -->
	    </if>
		<if test="sjkms != null and sjkms != ''">
	          #{sjkms, jdbcType=VARCHAR}, <!-- sjkms -->
	    </if>
		<if test="zt_id != null and zt_id != ''">
	          #{zt_id, jdbcType=VARCHAR}, <!-- zt_id -->
	    </if>
		<if test="id_ != null and id_ != ''">
		     #{id_, jdbcType=VARCHAR}  <!-- id_ -->
	    </if>
		)
	</insert>
	
	<!-- 插入一个数据持久化对象(含所有字段) -->
	<insert id="insertAll"  parameterType="Archive_compilation_rwPO">
		INSERT INTO archive_compilation_rw (
		    <include refid="column" />
		)
		VALUES (
		    #{id_, jdbcType=VARCHAR},  <!-- id_ -->
		    #{byrwbh, jdbcType=VARCHAR},  <!-- byrwbh -->
		    #{byrwmc, jdbcType=VARCHAR},  <!-- byrwmc -->
		    #{ztyq, jdbcType=VARCHAR},  <!-- ztyq -->
		    #{bysj, jdbcType=VARCHAR},  <!-- bysj -->
		    #{ckfw, jdbcType=VARCHAR},  <!-- ckfw -->
		    #{bybz, jdbcType=VARCHAR},  <!-- bybz -->
		    #{zgr, jdbcType=VARCHAR},  <!-- zgr -->
		    #{hgr, jdbcType=VARCHAR},  <!-- hgr -->
		    #{jdr, jdbcType=VARCHAR},  <!-- jdr -->
		    #{zbj, jdbcType=VARCHAR},  <!-- zbj -->
		    #{qtsm, jdbcType=VARCHAR},  <!-- qtsm -->
		    #{shry, jdbcType=VARCHAR},  <!-- shry -->
		    #{shsj, jdbcType=VARCHAR},  <!-- shsj -->
		    #{shyj, jdbcType=VARCHAR},  <!-- shyj -->
		    #{hgsj, jdbcType=VARCHAR},  <!-- hgsj -->
		    #{jdsj, jdbcType=VARCHAR},  <!-- jdsj -->
		    #{dgsj, jdbcType=VARCHAR},  <!-- dgsj -->
		    #{cjr, jdbcType=VARCHAR},  <!-- cjr -->
		    #{flag_submit, jdbcType=VARCHAR},  <!-- flag_submit -->
		    #{flag_examine, jdbcType=VARCHAR},  <!-- flag_examine -->
		    #{ztmc, jdbcType=VARCHAR},  <!-- ztmc -->
		    #{sjkmc, jdbcType=VARCHAR},  <!-- sjkmc -->
		    #{zgr_cn, jdbcType=VARCHAR},  <!-- zgr_cn -->
		    #{hgr_cn, jdbcType=VARCHAR},  <!-- hgr_cn -->
		    #{jdr_cn, jdbcType=VARCHAR},  <!-- jdr_cn -->
		    #{zbj_cn, jdbcType=VARCHAR},  <!-- zbj_cn -->
		    #{flag, jdbcType=VARCHAR},  <!-- flag -->
		    #{zg_time, jdbcType=VARCHAR},  <!-- zg_time -->
		    #{hg_time, jdbcType=VARCHAR},  <!-- hg_time -->
		    #{jd_time, jdbcType=VARCHAR},  <!-- jd_time -->
		    #{zbj_time, jdbcType=VARCHAR},  <!-- zbj_time -->
		    #{zg_message, jdbcType=VARCHAR},  <!-- zg_message -->
		    #{hg_message, jdbcType=VARCHAR},  <!-- hg_message -->
		    #{nd, jdbcType=VARCHAR},  <!-- nd -->
		    #{_path, jdbcType=VARCHAR},  <!-- _path -->
		    #{sjkms, jdbcType=VARCHAR},  <!-- sjkms -->
		    #{zt_id, jdbcType=VARCHAR}  <!-- zt_id -->
		)
	</insert>

	<!-- 根据主键修改数据持久化对象 -->
	<update id="updateByKey" parameterType="Archive_compilation_rwPO">
		UPDATE archive_compilation_rw
		<set>
			<if test="id_ != null">
		          id_ = #{id_, jdbcType=VARCHAR},  <!-- id_ -->
			</if>
			<if test="byrwbh != null">
		          byrwbh = #{byrwbh, jdbcType=VARCHAR},  <!-- byrwbh -->
			</if>
			<if test="byrwmc != null">
		          byrwmc = #{byrwmc, jdbcType=VARCHAR},  <!-- byrwmc -->
			</if>
			<if test="ztyq != null">
		          ztyq = #{ztyq, jdbcType=VARCHAR},  <!-- ztyq -->
			</if>
			<if test="bysj != null">
		          bysj = #{bysj, jdbcType=VARCHAR},  <!-- bysj -->
			</if>
			<if test="ckfw != null">
		          ckfw = #{ckfw, jdbcType=VARCHAR},  <!-- ckfw -->
			</if>
			<if test="bybz != null">
		          bybz = #{bybz, jdbcType=VARCHAR},  <!-- bybz -->
			</if>
			<if test="zgr != null">
		          zgr = #{zgr, jdbcType=VARCHAR},  <!-- zgr -->
			</if>
			<if test="hgr != null">
		          hgr = #{hgr, jdbcType=VARCHAR},  <!-- hgr -->
			</if>
			<if test="jdr != null">
		          jdr = #{jdr, jdbcType=VARCHAR},  <!-- jdr -->
			</if>
			<if test="zbj != null">
		          zbj = #{zbj, jdbcType=VARCHAR},  <!-- zbj -->
			</if>
			<if test="qtsm != null">
		          qtsm = #{qtsm, jdbcType=VARCHAR},  <!-- qtsm -->
			</if>
			<if test="shry != null">
		          shry = #{shry, jdbcType=VARCHAR},  <!-- shry -->
			</if>
			<if test="shsj != null">
		          shsj = #{shsj, jdbcType=VARCHAR},  <!-- shsj -->
			</if>
			<if test="shyj != null">
		          shyj = #{shyj, jdbcType=VARCHAR},  <!-- shyj -->
			</if>
			<if test="hgsj != null">
		          hgsj = #{hgsj, jdbcType=VARCHAR},  <!-- hgsj -->
			</if>
			<if test="jdsj != null">
		          jdsj = #{jdsj, jdbcType=VARCHAR},  <!-- jdsj -->
			</if>
			<if test="dgsj != null">
		          dgsj = #{dgsj, jdbcType=VARCHAR},  <!-- dgsj -->
			</if>
			<if test="cjr != null">
		          cjr = #{cjr, jdbcType=VARCHAR},  <!-- cjr -->
			</if>
			<if test="flag_submit != null">
		          flag_submit = #{flag_submit, jdbcType=VARCHAR},  <!-- flag_submit -->
			</if>
			<if test="flag_examine != null">
		          flag_examine = #{flag_examine, jdbcType=VARCHAR},  <!-- flag_examine -->
			</if>
			<if test="ztmc != null">
		          ztmc = #{ztmc, jdbcType=VARCHAR},  <!-- ztmc -->
			</if>
			<if test="sjkmc != null">
		          sjkmc = #{sjkmc, jdbcType=VARCHAR},  <!-- sjkmc -->
			</if>
			<if test="zgr_cn != null">
		          zgr_cn = #{zgr_cn, jdbcType=VARCHAR},  <!-- zgr_cn -->
			</if>
			<if test="hgr_cn != null">
		          hgr_cn = #{hgr_cn, jdbcType=VARCHAR},  <!-- hgr_cn -->
			</if>
			<if test="jdr_cn != null">
		          jdr_cn = #{jdr_cn, jdbcType=VARCHAR},  <!-- jdr_cn -->
			</if>
			<if test="zbj_cn != null">
		          zbj_cn = #{zbj_cn, jdbcType=VARCHAR},  <!-- zbj_cn -->
			</if>
			<if test="flag != null">
		          flag = #{flag, jdbcType=VARCHAR},  <!-- flag -->
			</if>
			<if test="zg_time != null">
		          zg_time = #{zg_time, jdbcType=VARCHAR},  <!-- zg_time -->
			</if>
			<if test="hg_time != null">
		          hg_time = #{hg_time, jdbcType=VARCHAR},  <!-- hg_time -->
			</if>
			<if test="jd_time != null">
		          jd_time = #{jd_time, jdbcType=VARCHAR},  <!-- jd_time -->
			</if>
			<if test="zbj_time != null">
		          zbj_time = #{zbj_time, jdbcType=VARCHAR},  <!-- zbj_time -->
			</if>
			<if test="zg_message != null">
		          zg_message = #{zg_message, jdbcType=VARCHAR},  <!-- zg_message -->
			</if>
			<if test="hg_message != null">
		          hg_message = #{hg_message, jdbcType=VARCHAR},  <!-- hg_message -->
			</if>
			<if test="nd != null">
		          nd = #{nd, jdbcType=VARCHAR},  <!-- nd -->
			</if>
			<if test="_path != null">
		          _path = #{_path, jdbcType=VARCHAR},  <!-- _path -->
			</if>
			<if test="sjkms != null">
		          sjkms = #{sjkms, jdbcType=VARCHAR},  <!-- sjkms -->
			</if>
			<if test="zt_id != null">
		          zt_id = #{zt_id, jdbcType=VARCHAR},  <!-- zt_id -->
			</if>
		</set>
		WHERE  id_ = #{id_}
	</update>
	
	<!-- 根据主键删除数据持久化对象 -->
	<delete id="deleteByKey">
		DELETE FROM archive_compilation_rw WHERE  id_ = #{id_}
	</delete>

	<!-- 根据主键查询并返回数据持久化对象 -->
	<select id="selectByKey" resultType="Archive_compilation_rwPO">
		SELECT
		<include refid="column" />
		FROM archive_compilation_rw WHERE  id_ = #{id_}
	</select>

	<!-- 根据唯一组合条件查询并返回数据持久化对象 -->
	<select id="selectOne" parameterType="Dto" resultType="Archive_compilation_rwPO">
		SELECT
		    <include refid="column" />
		FROM archive_compilation_rw
		<where>
		    <include refid="equal" />
		</where>		
	</select>

	<!-- 根据Dto查询并返回数据持久化对象集合 -->
	<select id="list" parameterType="Dto" resultType="Archive_compilation_rwPO">
		SELECT
			<include refid="column" />	
		FROM archive_compilation_rw
		<where>
		    <include refid="equal" />
		</where>	
	</select>

	<!-- 根据Dto查询并返回分页数据持久化对象集合 -->
	<select id="listPage" parameterType="Dto" resultType="Archive_compilation_rwPO" useCache="false">
	    SELECT
			<include refid="column" />	
		FROM archive_compilation_rw
		<where>
		    <include refid="equal" />
		</where>	
	</select>
	
	<!-- 根据Dto模糊查询并返回数据持久化对象集合(字符型字段模糊匹配，其余字段精确匹配) -->
	<select id="like" parameterType="Dto" resultType="Archive_compilation_rwPO">
		SELECT
			<include refid="column" />	
		FROM archive_compilation_rw
		<where>
		    <include refid="like" />
		</where>	
	</select>

	<!-- 根据Dto模糊查询并返回分页数据持久化对象集合(字符型字段模糊匹配，其余字段精确匹配) -->
	<select id="likePage" parameterType="Dto" resultType="Archive_compilation_rwPO" useCache="false">
	    SELECT
			<include refid="column" />	
		FROM archive_compilation_rw
		<where>
		    <include refid="like" />
		</where>	
	</select>
	
	<!-- 根据Dto统计行数 -->
	<select id="rows" resultType="Integer" parameterType="Dto">
		SELECT COUNT(1) AS aos_rows_ FROM archive_compilation_rw
		<where>
		    <include refid="equal" />
		</where>
	</select>
	
	<!-- 根据数学表达式进行数学运算 -->
	<select id="calc" parameterType="Dto" resultType="String">
		SELECT
			${_expr}
		FROM archive_compilation_rw
		<where>
		    <include refid="equal" />
		</where>
	</select>
	
	<!-- 表字段 -->
	<sql id="column">
		  id_,  <!-- id_ -->
		  byrwbh,  <!-- byrwbh -->
		  byrwmc,  <!-- byrwmc -->
		  ztyq,  <!-- ztyq -->
		  bysj,  <!-- bysj -->
		  ckfw,  <!-- ckfw -->
		  bybz,  <!-- bybz -->
		  zgr,  <!-- zgr -->
		  hgr,  <!-- hgr -->
		  jdr,  <!-- jdr -->
		  zbj,  <!-- zbj -->
		  qtsm,  <!-- qtsm -->
		  shry,  <!-- shry -->
		  shsj,  <!-- shsj -->
		  shyj,  <!-- shyj -->
		  hgsj,  <!-- hgsj -->
		  jdsj,  <!-- jdsj -->
		  dgsj,  <!-- dgsj -->
		  cjr,  <!-- cjr -->
		  flag_submit,  <!-- flag_submit -->
		  flag_examine,  <!-- flag_examine -->
		  ztmc,  <!-- ztmc -->
		  sjkmc,  <!-- sjkmc -->
		  zgr_cn,  <!-- zgr_cn -->
		  hgr_cn,  <!-- hgr_cn -->
		  jdr_cn,  <!-- jdr_cn -->
		  zbj_cn,  <!-- zbj_cn -->
		  flag,  <!-- flag -->
		  zg_time,  <!-- zg_time -->
		  hg_time,  <!-- hg_time -->
		  jd_time,  <!-- jd_time -->
		  zbj_time,  <!-- zbj_time -->
		  zg_message,  <!-- zg_message -->
		  hg_message,  <!-- hg_message -->
		  nd,  <!-- nd -->
		  _path,  <!-- _path -->
		  sjkms,  <!-- sjkms -->
		  zt_id  <!-- zt_id -->
	</sql>
	
	<!-- 表字段(用于外表的关联时引用) -->
	<sql id="column2">
		  archive_compilation_rw.id_,  <!-- id_ -->
		  archive_compilation_rw.byrwbh,  <!-- byrwbh -->
		  archive_compilation_rw.byrwmc,  <!-- byrwmc -->
		  archive_compilation_rw.ztyq,  <!-- ztyq -->
		  archive_compilation_rw.bysj,  <!-- bysj -->
		  archive_compilation_rw.ckfw,  <!-- ckfw -->
		  archive_compilation_rw.bybz,  <!-- bybz -->
		  archive_compilation_rw.zgr,  <!-- zgr -->
		  archive_compilation_rw.hgr,  <!-- hgr -->
		  archive_compilation_rw.jdr,  <!-- jdr -->
		  archive_compilation_rw.zbj,  <!-- zbj -->
		  archive_compilation_rw.qtsm,  <!-- qtsm -->
		  archive_compilation_rw.shry,  <!-- shry -->
		  archive_compilation_rw.shsj,  <!-- shsj -->
		  archive_compilation_rw.shyj,  <!-- shyj -->
		  archive_compilation_rw.hgsj,  <!-- hgsj -->
		  archive_compilation_rw.jdsj,  <!-- jdsj -->
		  archive_compilation_rw.dgsj,  <!-- dgsj -->
		  archive_compilation_rw.cjr,  <!-- cjr -->
		  archive_compilation_rw.flag_submit,  <!-- flag_submit -->
		  archive_compilation_rw.flag_examine,  <!-- flag_examine -->
		  archive_compilation_rw.ztmc,  <!-- ztmc -->
		  archive_compilation_rw.sjkmc,  <!-- sjkmc -->
		  archive_compilation_rw.zgr_cn,  <!-- zgr_cn -->
		  archive_compilation_rw.hgr_cn,  <!-- hgr_cn -->
		  archive_compilation_rw.jdr_cn,  <!-- jdr_cn -->
		  archive_compilation_rw.zbj_cn,  <!-- zbj_cn -->
		  archive_compilation_rw.flag,  <!-- flag -->
		  archive_compilation_rw.zg_time,  <!-- zg_time -->
		  archive_compilation_rw.hg_time,  <!-- hg_time -->
		  archive_compilation_rw.jd_time,  <!-- jd_time -->
		  archive_compilation_rw.zbj_time,  <!-- zbj_time -->
		  archive_compilation_rw.zg_message,  <!-- zg_message -->
		  archive_compilation_rw.hg_message,  <!-- hg_message -->
		  archive_compilation_rw.nd,  <!-- nd -->
		  archive_compilation_rw._path,  <!-- _path -->
		  archive_compilation_rw.sjkms,  <!-- sjkms -->
		  archive_compilation_rw.zt_id  <!-- zt_id -->
	</sql>

	<!-- Where精确匹配字段 -->
	<sql id="equal">
	    <if test="id_ != null and id_ != ''">
		      AND id_ = #{id_}  <!-- id_ -->
		</if>
	    <if test="byrwbh != null and byrwbh != ''">
		      AND byrwbh = #{byrwbh}  <!-- byrwbh -->
		</if>
	    <if test="byrwmc != null and byrwmc != ''">
		      AND byrwmc = #{byrwmc}  <!-- byrwmc -->
		</if>
	    <if test="ztyq != null and ztyq != ''">
		      AND ztyq = #{ztyq}  <!-- ztyq -->
		</if>
	    <if test="bysj != null and bysj != ''">
		      AND bysj = #{bysj}  <!-- bysj -->
		</if>
	    <if test="ckfw != null and ckfw != ''">
		      AND ckfw = #{ckfw}  <!-- ckfw -->
		</if>
	    <if test="bybz != null and bybz != ''">
		      AND bybz = #{bybz}  <!-- bybz -->
		</if>
	    <if test="zgr != null and zgr != ''">
		      AND zgr = #{zgr}  <!-- zgr -->
		</if>
	    <if test="hgr != null and hgr != ''">
		      AND hgr = #{hgr}  <!-- hgr -->
		</if>
	    <if test="jdr != null and jdr != ''">
		      AND jdr = #{jdr}  <!-- jdr -->
		</if>
	    <if test="zbj != null and zbj != ''">
		      AND zbj = #{zbj}  <!-- zbj -->
		</if>
	    <if test="qtsm != null and qtsm != ''">
		      AND qtsm = #{qtsm}  <!-- qtsm -->
		</if>
	    <if test="shry != null and shry != ''">
		      AND shry = #{shry}  <!-- shry -->
		</if>
	    <if test="shsj != null and shsj != ''">
		      AND shsj = #{shsj}  <!-- shsj -->
		</if>
	    <if test="shyj != null and shyj != ''">
		      AND shyj = #{shyj}  <!-- shyj -->
		</if>
	    <if test="hgsj != null and hgsj != ''">
		      AND hgsj = #{hgsj}  <!-- hgsj -->
		</if>
	    <if test="jdsj != null and jdsj != ''">
		      AND jdsj = #{jdsj}  <!-- jdsj -->
		</if>
	    <if test="dgsj != null and dgsj != ''">
		      AND dgsj = #{dgsj}  <!-- dgsj -->
		</if>
	    <if test="cjr != null and cjr != ''">
		      AND cjr = #{cjr}  <!-- cjr -->
		</if>
	    <if test="flag_submit != null and flag_submit != ''">
		      AND flag_submit = #{flag_submit}  <!-- flag_submit -->
		</if>
	    <if test="flag_examine != null and flag_examine != ''">
		      AND flag_examine = #{flag_examine}  <!-- flag_examine -->
		</if>
	    <if test="ztmc != null and ztmc != ''">
		      AND ztmc = #{ztmc}  <!-- ztmc -->
		</if>
	    <if test="sjkmc != null and sjkmc != ''">
		      AND sjkmc = #{sjkmc}  <!-- sjkmc -->
		</if>
	    <if test="zgr_cn != null and zgr_cn != ''">
		      AND zgr_cn = #{zgr_cn}  <!-- zgr_cn -->
		</if>
	    <if test="hgr_cn != null and hgr_cn != ''">
		      AND hgr_cn = #{hgr_cn}  <!-- hgr_cn -->
		</if>
	    <if test="jdr_cn != null and jdr_cn != ''">
		      AND jdr_cn = #{jdr_cn}  <!-- jdr_cn -->
		</if>
	    <if test="zbj_cn != null and zbj_cn != ''">
		      AND zbj_cn = #{zbj_cn}  <!-- zbj_cn -->
		</if>
	    <if test="flag != null and flag != ''">
		      AND flag = #{flag}  <!-- flag -->
		</if>
	    <if test="zg_time != null and zg_time != ''">
		      AND zg_time = #{zg_time}  <!-- zg_time -->
		</if>
	    <if test="hg_time != null and hg_time != ''">
		      AND hg_time = #{hg_time}  <!-- hg_time -->
		</if>
	    <if test="jd_time != null and jd_time != ''">
		      AND jd_time = #{jd_time}  <!-- jd_time -->
		</if>
	    <if test="zbj_time != null and zbj_time != ''">
		      AND zbj_time = #{zbj_time}  <!-- zbj_time -->
		</if>
	    <if test="zg_message != null and zg_message != ''">
		      AND zg_message = #{zg_message}  <!-- zg_message -->
		</if>
	    <if test="hg_message != null and hg_message != ''">
		      AND hg_message = #{hg_message}  <!-- hg_message -->
		</if>
	    <if test="nd != null and nd != ''">
		      AND nd = #{nd}  <!-- nd -->
		</if>
	    <if test="_path != null and _path != ''">
		      AND _path = #{_path}  <!-- _path -->
		</if>
	    <if test="sjkms != null and sjkms != ''">
		      AND sjkms = #{sjkms}  <!-- sjkms -->
		</if>
	    <if test="zt_id != null and zt_id != ''">
		      AND zt_id = #{zt_id}  <!-- zt_id -->
		</if>
	</sql>
	
	<!-- Where模糊匹配字段 -->
	<sql id="like">
	    <if test="id_ != null and id_ != ''">
		      AND id_ like '%${id_}%'  <!-- id_ -->
		</if>
	    <if test="byrwbh != null and byrwbh != ''">
		      AND byrwbh like '%${byrwbh}%'  <!-- byrwbh -->
		</if>
	    <if test="byrwmc != null and byrwmc != ''">
		      AND byrwmc like '%${byrwmc}%'  <!-- byrwmc -->
		</if>
	    <if test="ztyq != null and ztyq != ''">
		      AND ztyq like '%${ztyq}%'  <!-- ztyq -->
		</if>
	    <if test="bysj != null and bysj != ''">
		      AND bysj like '%${bysj}%'  <!-- bysj -->
		</if>
	    <if test="ckfw != null and ckfw != ''">
		      AND ckfw like '%${ckfw}%'  <!-- ckfw -->
		</if>
	    <if test="bybz != null and bybz != ''">
		      AND bybz like '%${bybz}%'  <!-- bybz -->
		</if>
	    <if test="zgr != null and zgr != ''">
		      AND zgr like '%${zgr}%'  <!-- zgr -->
		</if>
	    <if test="hgr != null and hgr != ''">
		      AND hgr like '%${hgr}%'  <!-- hgr -->
		</if>
	    <if test="jdr != null and jdr != ''">
		      AND jdr like '%${jdr}%'  <!-- jdr -->
		</if>
	    <if test="zbj != null and zbj != ''">
		      AND zbj like '%${zbj}%'  <!-- zbj -->
		</if>
	    <if test="qtsm != null and qtsm != ''">
		      AND qtsm like '%${qtsm}%'  <!-- qtsm -->
		</if>
	    <if test="shry != null and shry != ''">
		      AND shry like '%${shry}%'  <!-- shry -->
		</if>
	    <if test="shsj != null and shsj != ''">
		      AND shsj like '%${shsj}%'  <!-- shsj -->
		</if>
	    <if test="shyj != null and shyj != ''">
		      AND shyj like '%${shyj}%'  <!-- shyj -->
		</if>
	    <if test="hgsj != null and hgsj != ''">
		      AND hgsj like '%${hgsj}%'  <!-- hgsj -->
		</if>
	    <if test="jdsj != null and jdsj != ''">
		      AND jdsj like '%${jdsj}%'  <!-- jdsj -->
		</if>
	    <if test="dgsj != null and dgsj != ''">
		      AND dgsj like '%${dgsj}%'  <!-- dgsj -->
		</if>
	    <if test="cjr != null and cjr != ''">
		      AND cjr like '%${cjr}%'  <!-- cjr -->
		</if>
	    <if test="flag_submit != null and flag_submit != ''">
		      AND flag_submit like '%${flag_submit}%'  <!-- flag_submit -->
		</if>
	    <if test="flag_examine != null and flag_examine != ''">
		      AND flag_examine like '%${flag_examine}%'  <!-- flag_examine -->
		</if>
	    <if test="ztmc != null and ztmc != ''">
		      AND ztmc like '%${ztmc}%'  <!-- ztmc -->
		</if>
	    <if test="sjkmc != null and sjkmc != ''">
		      AND sjkmc like '%${sjkmc}%'  <!-- sjkmc -->
		</if>
	    <if test="zgr_cn != null and zgr_cn != ''">
		      AND zgr_cn like '%${zgr_cn}%'  <!-- zgr_cn -->
		</if>
	    <if test="hgr_cn != null and hgr_cn != ''">
		      AND hgr_cn like '%${hgr_cn}%'  <!-- hgr_cn -->
		</if>
	    <if test="jdr_cn != null and jdr_cn != ''">
		      AND jdr_cn like '%${jdr_cn}%'  <!-- jdr_cn -->
		</if>
	    <if test="zbj_cn != null and zbj_cn != ''">
		      AND zbj_cn like '%${zbj_cn}%'  <!-- zbj_cn -->
		</if>
	    <if test="flag != null and flag != ''">
		      AND flag like '%${flag}%'  <!-- flag -->
		</if>
	    <if test="zg_time != null and zg_time != ''">
		      AND zg_time like '%${zg_time}%'  <!-- zg_time -->
		</if>
	    <if test="hg_time != null and hg_time != ''">
		      AND hg_time like '%${hg_time}%'  <!-- hg_time -->
		</if>
	    <if test="jd_time != null and jd_time != ''">
		      AND jd_time like '%${jd_time}%'  <!-- jd_time -->
		</if>
	    <if test="zbj_time != null and zbj_time != ''">
		      AND zbj_time like '%${zbj_time}%'  <!-- zbj_time -->
		</if>
	    <if test="zg_message != null and zg_message != ''">
		      AND zg_message like '%${zg_message}%'  <!-- zg_message -->
		</if>
	    <if test="hg_message != null and hg_message != ''">
		      AND hg_message like '%${hg_message}%'  <!-- hg_message -->
		</if>
	    <if test="nd != null and nd != ''">
		      AND nd like '%${nd}%'  <!-- nd -->
		</if>
	    <if test="_path != null and _path != ''">
		      AND _path like '%${_path}%'  <!-- _path -->
		</if>
	    <if test="sjkms != null and sjkms != ''">
		      AND sjkms like '%${sjkms}%'  <!-- sjkms -->
		</if>
	    <if test="zt_id != null and zt_id != ''">
		      AND zt_id like '%${zt_id}%'  <!-- zt_id -->
		</if>
	</sql>
	
</mapper>