<?xml version="1.0" encoding="UTF-8"?>
<!DOCTYPE mapper PUBLIC "-//mybatis.org//DTD Mapper 3.0//EN" 
"http://mybatis.org/dtd/mybatis-3-mapper.dtd">

<!-- archive_Recovery[archive_recovery]SQLMapper自动映射 -->
<!--  注意:此文件由AOS平台自动生成-禁止手工修改 2019-05-05 16:20:05 -->
<mapper namespace="cn.osworks.aos.system.dao.mapper.Archive_recoveryMapper">
	
	<!-- 插入一个数据持久化对象(插入字段为传入PO实体的非空属性) -->
	<insert id="insert"  parameterType="Archive_recoveryPO">
		INSERT INTO archive_recovery (
		<if test="tablename != null and tablename != ''">
	         tablename, <!-- TableName -->
		</if>
		<if test="tabledesc != null and tabledesc != ''">
	         tabledesc, <!-- TableDesc -->
		</if>
		<if test="tablejy != null">
	         tablejy, <!-- TableJy -->
		</if>
		<if test="tablegd != null">
	         tablegd, <!-- TableGd -->
		</if>
		<if test="tablepermission != null">
	         tablepermission, <!-- tablepermission -->
		</if>
		<if test="tablepath != null">
	         tablepath, <!-- tablepath -->
		</if>
		<if test="tablemedia != null and tablemedia != ''">
	         tablemedia, <!-- tablemedia -->
		</if>
		<if test="tablesearch != null">
	         tablesearch, <!-- tablesearch -->
		</if>
		<if test="zjdisplay != null and zjdisplay != ''">
	         zjdisplay, <!-- zjdisplay -->
		</if>
		<if test="id_ != null and id_ != ''">
	          id_  <!-- id_ -->
	   </if>
		)VALUES(
		<if test="tablename != null and tablename != ''">
	          #{tablename, jdbcType=VARCHAR}, <!-- TableName -->
	    </if>
		<if test="tabledesc != null and tabledesc != ''">
	          #{tabledesc, jdbcType=VARCHAR}, <!-- TableDesc -->
	    </if>
		<if test="tablejy != null">
	          #{tablejy, jdbcType=INTEGER}, <!-- TableJy -->
	    </if>
		<if test="tablegd != null">
	          #{tablegd, jdbcType=INTEGER}, <!-- TableGd -->
	    </if>
		<if test="tablepermission != null">
	          #{tablepermission, jdbcType=INTEGER}, <!-- tablepermission -->
	    </if>
		<if test="tablepath != null">
	          #{tablepath, jdbcType=INTEGER}, <!-- tablepath -->
	    </if>
		<if test="tablemedia != null and tablemedia != ''">
	          #{tablemedia, jdbcType=VARCHAR}, <!-- tablemedia -->
	    </if>
		<if test="tablesearch != null">
	          #{tablesearch, jdbcType=INTEGER}, <!-- tablesearch -->
	    </if>
		<if test="zjdisplay != null and zjdisplay != ''">
	          #{zjdisplay, jdbcType=VARCHAR}, <!-- zjdisplay -->
	    </if>
		<if test="id_ != null and id_ != ''">
		     #{id_, jdbcType=VARCHAR}  <!-- id_ -->
	    </if>
		)
	</insert>
	
	<!-- 插入一个数据持久化对象(含所有字段) -->
	<insert id="insertAll"  parameterType="Archive_recoveryPO">
		INSERT INTO archive_recovery (
		    <include refid="column" />
		)
		VALUES (
		    #{id_, jdbcType=VARCHAR},  <!-- id_ -->
		    #{tablename, jdbcType=VARCHAR},  <!-- TableName -->
		    #{tabledesc, jdbcType=VARCHAR},  <!-- TableDesc -->
		    #{tablejy, jdbcType=INTEGER},  <!-- TableJy -->
		    #{tablegd, jdbcType=INTEGER},  <!-- TableGd -->
		    #{tablepermission, jdbcType=INTEGER},  <!-- tablepermission -->
		    #{tablepath, jdbcType=INTEGER},  <!-- tablepath -->
		    #{tablemedia, jdbcType=VARCHAR},  <!-- tablemedia -->
		    #{tablesearch, jdbcType=INTEGER},  <!-- tablesearch -->
		    #{zjdisplay, jdbcType=VARCHAR}  <!-- zjdisplay -->
		)
	</insert>

	<!-- 根据主键修改数据持久化对象 -->
	<update id="updateByKey" parameterType="Archive_recoveryPO">
		UPDATE archive_recovery
		<set>
			<if test="id_ != null">
		          id_ = #{id_, jdbcType=VARCHAR},  <!-- id_ -->
			</if>
			<if test="tablename != null">
		          tablename = #{tablename, jdbcType=VARCHAR},  <!-- TableName -->
			</if>
			<if test="tabledesc != null">
		          tabledesc = #{tabledesc, jdbcType=VARCHAR},  <!-- TableDesc -->
			</if>
			<if test="tablejy != null">
		          tablejy = #{tablejy, jdbcType=INTEGER},  <!-- TableJy -->
			</if>
			<if test="tablegd != null">
		          tablegd = #{tablegd, jdbcType=INTEGER},  <!-- TableGd -->
			</if>
			<if test="tablepermission != null">
		          tablepermission = #{tablepermission, jdbcType=INTEGER},  <!-- tablepermission -->
			</if>
			<if test="tablepath != null">
		          tablepath = #{tablepath, jdbcType=INTEGER},  <!-- tablepath -->
			</if>
			<if test="tablemedia != null">
		          tablemedia = #{tablemedia, jdbcType=VARCHAR},  <!-- tablemedia -->
			</if>
			<if test="tablesearch != null">
		          tablesearch = #{tablesearch, jdbcType=INTEGER},  <!-- tablesearch -->
			</if>
			<if test="zjdisplay != null">
		          zjdisplay = #{zjdisplay, jdbcType=VARCHAR},  <!-- zjdisplay -->
			</if>
		</set>
		WHERE  id_ = #{id_}
	</update>
	
	<!-- 根据主键删除数据持久化对象 -->
	<delete id="deleteByKey">
		DELETE FROM archive_recovery WHERE  id_ = #{id_}
	</delete>

	<!-- 根据主键查询并返回数据持久化对象 -->
	<select id="selectByKey" resultType="Archive_recoveryPO">
		SELECT
		<include refid="column" />
		FROM archive_recovery WHERE  id_ = #{id_}
	</select>

	<!-- 根据唯一组合条件查询并返回数据持久化对象 -->
	<select id="selectOne" parameterType="Dto" resultType="Archive_recoveryPO">
		SELECT
		    <include refid="column" />
		FROM archive_recovery
		<where>
		    <include refid="equal" />
		</where>		
	</select>

	<!-- 根据Dto查询并返回数据持久化对象集合 -->
	<select id="list" parameterType="Dto" resultType="Archive_recoveryPO">
		SELECT
			<include refid="column" />	
		FROM archive_recovery
		<where>
		    <include refid="equal" />
		</where>	
	</select>

	<!-- 根据Dto查询并返回分页数据持久化对象集合 -->
	<select id="listPage" parameterType="Dto" resultType="Archive_recoveryPO" useCache="false">
	    SELECT
			<include refid="column" />	
		FROM archive_recovery
		<where>
		    <include refid="equal" />
		</where>	
	</select>
	
	<!-- 根据Dto模糊查询并返回数据持久化对象集合(字符型字段模糊匹配，其余字段精确匹配) -->
	<select id="like" parameterType="Dto" resultType="Archive_recoveryPO">
		SELECT
			<include refid="column" />	
		FROM archive_recovery
		<where>
		    <include refid="like" />
		</where>	
	</select>

	<!-- 根据Dto模糊查询并返回分页数据持久化对象集合(字符型字段模糊匹配，其余字段精确匹配) -->
	<select id="likePage" parameterType="Dto" resultType="Archive_recoveryPO" useCache="false">
	    SELECT
			<include refid="column" />	
		FROM archive_recovery
		<where>
		    <include refid="like" />
		</where>	
	</select>
	
	<!-- 根据Dto统计行数 -->
	<select id="rows" resultType="Integer" parameterType="Dto">
		SELECT COUNT(1) AS aos_rows_ FROM archive_recovery
		<where>
		    <include refid="equal" />
		</where>
	</select>
	
	<!-- 根据数学表达式进行数学运算 -->
	<select id="calc" parameterType="Dto" resultType="String">
		SELECT
			${_expr}
		FROM archive_recovery
		<where>
		    <include refid="equal" />
		</where>
	</select>
	
	<!-- 表字段 -->
	<sql id="column">
		  id_,  <!-- id_ -->
		  tablename,  <!-- TableName -->
		  tabledesc,  <!-- TableDesc -->
		  tablejy,  <!-- TableJy -->
		  tablegd,  <!-- TableGd -->
		  tablepermission,  <!-- tablepermission -->
		  tablepath,  <!-- tablepath -->
		  tablemedia,  <!-- tablemedia -->
		  tablesearch,  <!-- tablesearch -->
		  zjdisplay  <!-- zjdisplay -->
	</sql>
	
	<!-- 表字段(用于外表的关联时引用) -->
	<sql id="column2">
		  archive_recovery.id_,  <!-- id_ -->
		  archive_recovery.tablename,  <!-- TableName -->
		  archive_recovery.tabledesc,  <!-- TableDesc -->
		  archive_recovery.tablejy,  <!-- TableJy -->
		  archive_recovery.tablegd,  <!-- TableGd -->
		  archive_recovery.tablepermission,  <!-- tablepermission -->
		  archive_recovery.tablepath,  <!-- tablepath -->
		  archive_recovery.tablemedia,  <!-- tablemedia -->
		  archive_recovery.tablesearch,  <!-- tablesearch -->
		  archive_recovery.zjdisplay  <!-- zjdisplay -->
	</sql>

	<!-- Where精确匹配字段 -->
	<sql id="equal">
	    <if test="id_ != null and id_ != ''">
		      AND id_ = #{id_}  <!-- id_ -->
		</if>
	    <if test="tablename != null and tablename != ''">
		      AND tablename = #{tablename}  <!-- TableName -->
		</if>
	    <if test="tabledesc != null and tabledesc != ''">
		      AND tabledesc = #{tabledesc}  <!-- TableDesc -->
		</if>
	   <if test="tablejy != null ">
		      AND tablejy = #{tablejy}  <!-- TableJy -->
		</if>
	   <if test="tablegd != null ">
		      AND tablegd = #{tablegd}  <!-- TableGd -->
		</if>
	   <if test="tablepermission != null ">
		      AND tablepermission = #{tablepermission}  <!-- tablepermission -->
		</if>
	   <if test="tablepath != null ">
		      AND tablepath = #{tablepath}  <!-- tablepath -->
		</if>
	    <if test="tablemedia != null and tablemedia != ''">
		      AND tablemedia = #{tablemedia}  <!-- tablemedia -->
		</if>
	   <if test="tablesearch != null ">
		      AND tablesearch = #{tablesearch}  <!-- tablesearch -->
		</if>
	    <if test="zjdisplay != null and zjdisplay != ''">
		      AND zjdisplay = #{zjdisplay}  <!-- zjdisplay -->
		</if>
	</sql>
	
	<!-- Where模糊匹配字段 -->
	<sql id="like">
	    <if test="id_ != null and id_ != ''">
		      AND id_ like '%${id_}%'  <!-- id_ -->
		</if>
	    <if test="tablename != null and tablename != ''">
		      AND tablename like '%${tablename}%'  <!-- TableName -->
		</if>
	    <if test="tabledesc != null and tabledesc != ''">
		      AND tabledesc like '%${tabledesc}%'  <!-- TableDesc -->
		</if>
	    <if test="tablemedia != null and tablemedia != ''">
		      AND tablemedia like '%${tablemedia}%'  <!-- tablemedia -->
		</if>
	    <if test="zjdisplay != null and zjdisplay != ''">
		      AND zjdisplay like '%${zjdisplay}%'  <!-- zjdisplay -->
		</if>
	</sql>
	
</mapper>