<?xml version="1.0" encoding="UTF-8"?>
<!DOCTYPE mapper PUBLIC "-//mybatis.org//DTD Mapper 3.0//EN" 
"http://mybatis.org/dtd/mybatis-3-mapper.dtd">

<!-- checkup_topic_log[checkup_topic_log]SQLMapper自动映射 -->
<!--  注意:此文件由AOS平台自动生成-禁止手工修改 2020-04-02 14:38:37 -->
<mapper namespace="cn.osworks.aos.system.dao.mapper.Checkup_topic_logMapper">
	
	<!-- 插入一个数据持久化对象(插入字段为传入PO实体的非空属性) -->
	<insert id="insert"  parameterType="Checkup_topic_logPO">
		INSERT INTO checkup_topic_log (
		<if test="rw_id_ != null and rw_id_ != ''">
	         rw_id_, <!-- rw_id_ -->
		</if>
		<if test="cnuser != null and cnuser != ''">
	         cnuser, <!-- cnuser -->
		</if>
		<if test="description != null and description != ''">
	         description, <!-- description -->
		</if>
		<if test="operate_time != null and operate_time != ''">
	         operate_time, <!-- operate_time -->
		</if>
		<if test="enuser != null and enuser != ''">
	         enuser, <!-- enuser -->
		</if>
		<if test="id_ != null and id_ != ''">
	          id_  <!-- id_ -->
	   </if>
		)VALUES(
		<if test="rw_id_ != null and rw_id_ != ''">
	          #{rw_id_, jdbcType=VARCHAR}, <!-- rw_id_ -->
	    </if>
		<if test="cnuser != null and cnuser != ''">
	          #{cnuser, jdbcType=VARCHAR}, <!-- cnuser -->
	    </if>
		<if test="description != null and description != ''">
	          #{description, jdbcType=VARCHAR}, <!-- description -->
	    </if>
		<if test="operate_time != null and operate_time != ''">
	          #{operate_time, jdbcType=VARCHAR}, <!-- operate_time -->
	    </if>
		<if test="enuser != null and enuser != ''">
	          #{enuser, jdbcType=VARCHAR}, <!-- enuser -->
	    </if>
		<if test="id_ != null and id_ != ''">
		     #{id_, jdbcType=VARCHAR}  <!-- id_ -->
	    </if>
		)
	</insert>
	
	<!-- 插入一个数据持久化对象(含所有字段) -->
	<insert id="insertAll"  parameterType="Checkup_topic_logPO">
		INSERT INTO checkup_topic_log (
		    <include refid="column" />
		)
		VALUES (
		    #{id_, jdbcType=VARCHAR},  <!-- id_ -->
		    #{rw_id_, jdbcType=VARCHAR},  <!-- rw_id_ -->
		    #{cnuser, jdbcType=VARCHAR},  <!-- cnuser -->
		    #{description, jdbcType=VARCHAR},  <!-- description -->
		    #{operate_time, jdbcType=VARCHAR},  <!-- operate_time -->
		    #{enuser, jdbcType=VARCHAR}  <!-- enuser -->
		)
	</insert>

	<!-- 根据主键修改数据持久化对象 -->
	<update id="updateByKey" parameterType="Checkup_topic_logPO">
		UPDATE checkup_topic_log
		<set>
			<if test="id_ != null">
		          id_ = #{id_, jdbcType=VARCHAR},  <!-- id_ -->
			</if>
			<if test="rw_id_ != null">
		          rw_id_ = #{rw_id_, jdbcType=VARCHAR},  <!-- rw_id_ -->
			</if>
			<if test="cnuser != null">
		          cnuser = #{cnuser, jdbcType=VARCHAR},  <!-- cnuser -->
			</if>
			<if test="description != null">
		          description = #{description, jdbcType=VARCHAR},  <!-- description -->
			</if>
			<if test="operate_time != null">
		          operate_time = #{operate_time, jdbcType=VARCHAR},  <!-- operate_time -->
			</if>
			<if test="enuser != null">
		          enuser = #{enuser, jdbcType=VARCHAR},  <!-- enuser -->
			</if>
		</set>
		WHERE  id_ = #{id_}
	</update>
	
	<!-- 根据主键删除数据持久化对象 -->
	<delete id="deleteByKey">
		DELETE FROM checkup_topic_log WHERE  id_ = #{id_}
	</delete>

	<!-- 根据主键查询并返回数据持久化对象 -->
	<select id="selectByKey" resultType="Checkup_topic_logPO">
		SELECT
		<include refid="column" />
		FROM checkup_topic_log WHERE  id_ = #{id_}
	</select>

	<!-- 根据唯一组合条件查询并返回数据持久化对象 -->
	<select id="selectOne" parameterType="Dto" resultType="Checkup_topic_logPO">
		SELECT
		    <include refid="column" />
		FROM checkup_topic_log
		<where>
		    <include refid="equal" />
		</where>		
	</select>

	<!-- 根据Dto查询并返回数据持久化对象集合 -->
	<select id="list" parameterType="Dto" resultType="Checkup_topic_logPO">
		SELECT
			<include refid="column" />	
		FROM checkup_topic_log
		<where>
		    <include refid="equal" />
		</where>	
	</select>

	<!-- 根据Dto查询并返回分页数据持久化对象集合 -->
	<select id="listPage" parameterType="Dto" resultType="Checkup_topic_logPO" useCache="false">
	    SELECT
			<include refid="column" />	
		FROM checkup_topic_log
		<where>
		    <include refid="equal" />
		</where>	
	</select>
	
	<!-- 根据Dto模糊查询并返回数据持久化对象集合(字符型字段模糊匹配，其余字段精确匹配) -->
	<select id="like" parameterType="Dto" resultType="Checkup_topic_logPO">
		SELECT
			<include refid="column" />	
		FROM checkup_topic_log
		<where>
		    <include refid="like" />
		</where>	
	</select>

	<!-- 根据Dto模糊查询并返回分页数据持久化对象集合(字符型字段模糊匹配，其余字段精确匹配) -->
	<select id="likePage" parameterType="Dto" resultType="Checkup_topic_logPO" useCache="false">
	    SELECT
			<include refid="column" />	
		FROM checkup_topic_log
		<where>
		    <include refid="like" />
		</where>	
	</select>
	
	<!-- 根据Dto统计行数 -->
	<select id="rows" resultType="Integer" parameterType="Dto">
		SELECT COUNT(1) AS aos_rows_ FROM checkup_topic_log
		<where>
		    <include refid="equal" />
		</where>
	</select>
	
	<!-- 根据数学表达式进行数学运算 -->
	<select id="calc" parameterType="Dto" resultType="String">
		SELECT
			${_expr}
		FROM checkup_topic_log
		<where>
		    <include refid="equal" />
		</where>
	</select>
	
	<!-- 表字段 -->
	<sql id="column">
		  id_,  <!-- id_ -->
		  rw_id_,  <!-- rw_id_ -->
		  cnuser,  <!-- cnuser -->
		  description,  <!-- description -->
		  operate_time,  <!-- operate_time -->
		  enuser  <!-- enuser -->
	</sql>
	
	<!-- 表字段(用于外表的关联时引用) -->
	<sql id="column2">
		  checkup_topic_log.id_,  <!-- id_ -->
		  checkup_topic_log.rw_id_,  <!-- rw_id_ -->
		  checkup_topic_log.cnuser,  <!-- cnuser -->
		  checkup_topic_log.description,  <!-- description -->
		  checkup_topic_log.operate_time,  <!-- operate_time -->
		  checkup_topic_log.enuser  <!-- enuser -->
	</sql>

	<!-- Where精确匹配字段 -->
	<sql id="equal">
	    <if test="id_ != null and id_ != ''">
		      AND id_ = #{id_}  <!-- id_ -->
		</if>
	    <if test="rw_id_ != null and rw_id_ != ''">
		      AND rw_id_ = #{rw_id_}  <!-- rw_id_ -->
		</if>
	    <if test="cnuser != null and cnuser != ''">
		      AND cnuser = #{cnuser}  <!-- cnuser -->
		</if>
	    <if test="description != null and description != ''">
		      AND description = #{description}  <!-- description -->
		</if>
	    <if test="operate_time != null and operate_time != ''">
		      AND operate_time = #{operate_time}  <!-- operate_time -->
		</if>
	    <if test="enuser != null and enuser != ''">
		      AND enuser = #{enuser}  <!-- enuser -->
		</if>
	</sql>
	
	<!-- Where模糊匹配字段 -->
	<sql id="like">
	    <if test="id_ != null and id_ != ''">
		      AND id_ like '%${id_}%'  <!-- id_ -->
		</if>
	    <if test="rw_id_ != null and rw_id_ != ''">
		      AND rw_id_ like '%${rw_id_}%'  <!-- rw_id_ -->
		</if>
	    <if test="cnuser != null and cnuser != ''">
		      AND cnuser like '%${cnuser}%'  <!-- cnuser -->
		</if>
	    <if test="description != null and description != ''">
		      AND description like '%${description}%'  <!-- description -->
		</if>
	    <if test="operate_time != null and operate_time != ''">
		      AND operate_time like '%${operate_time}%'  <!-- operate_time -->
		</if>
	    <if test="enuser != null and enuser != ''">
		      AND enuser like '%${enuser}%'  <!-- enuser -->
		</if>
	</sql>
	
</mapper>