<?xml version="1.0" encoding="UTF-8"?>
<!DOCTYPE mapper PUBLIC "-//mybatis.org//DTD Mapper 3.0//EN" 
"http://mybatis.org/dtd/mybatis-3-mapper.dtd">

<!-- metadata_manage[metadata_manage]SQLMapper自动映射 -->
<!--  注意:此文件由AOS平台自动生成-禁止手工修改 2019-04-30 10:47:10 -->
<mapper namespace="cn.osworks.aos.system.dao.mapper.Metadata_manageMapper">
	
	<!-- 插入一个数据持久化对象(插入字段为传入PO实体的非空属性) -->
	<insert id="insert"  parameterType="Metadata_managePO">
		INSERT INTO metadata_manage (
		<if test="tid != null and tid != ''">
	         tid, <!-- tid -->
		</if>
		<if test="czr != null and czr != ''">
	         czr, <!-- czr -->
		</if>
		<if test="czsj != null and czsj != ''">
	         czsj, <!-- czsj -->
		</if>
		<if test="czls != null and czls != ''">
	         czls, <!-- czls -->
		</if>
		<if test="id_ != null and id_ != ''">
	          id_  <!-- id_ -->
	   </if>
		)VALUES(
		<if test="tid != null and tid != ''">
	          #{tid, jdbcType=VARCHAR}, <!-- tid -->
	    </if>
		<if test="czr != null and czr != ''">
	          #{czr, jdbcType=VARCHAR}, <!-- czr -->
	    </if>
		<if test="czsj != null and czsj != ''">
	          #{czsj, jdbcType=VARCHAR}, <!-- czsj -->
	    </if>
		<if test="czls != null and czls != ''">
	          #{czls, jdbcType=VARCHAR}, <!-- czls -->
	    </if>
		<if test="id_ != null and id_ != ''">
		     #{id_, jdbcType=VARCHAR}  <!-- id_ -->
	    </if>
		)
	</insert>
	
	<!-- 插入一个数据持久化对象(含所有字段) -->
	<insert id="insertAll"  parameterType="Metadata_managePO">
		INSERT INTO metadata_manage (
		    <include refid="column" />
		)
		VALUES (
		    #{id_, jdbcType=VARCHAR},  <!-- id_ -->
		    #{tid, jdbcType=VARCHAR},  <!-- tid -->
		    #{czr, jdbcType=VARCHAR},  <!-- czr -->
		    #{czsj, jdbcType=VARCHAR},  <!-- czsj -->
		    #{czls, jdbcType=VARCHAR}  <!-- czls -->
		)
	</insert>

	<!-- 根据主键修改数据持久化对象 -->
	<update id="updateByKey" parameterType="Metadata_managePO">
		UPDATE metadata_manage
		<set>
			<if test="id_ != null">
		          id_ = #{id_, jdbcType=VARCHAR},  <!-- id_ -->
			</if>
			<if test="tid != null">
		          tid = #{tid, jdbcType=VARCHAR},  <!-- tid -->
			</if>
			<if test="czr != null">
		          czr = #{czr, jdbcType=VARCHAR},  <!-- czr -->
			</if>
			<if test="czsj != null">
		          czsj = #{czsj, jdbcType=VARCHAR},  <!-- czsj -->
			</if>
			<if test="czls != null">
		          czls = #{czls, jdbcType=VARCHAR},  <!-- czls -->
			</if>
		</set>
		WHERE  id_ = #{id_}
	</update>
	
	<!-- 根据主键删除数据持久化对象 -->
	<delete id="deleteByKey">
		DELETE FROM metadata_manage WHERE  id_ = #{id_}
	</delete>

	<!-- 根据主键查询并返回数据持久化对象 -->
	<select id="selectByKey" resultType="Metadata_managePO">
		SELECT
		<include refid="column" />
		FROM metadata_manage WHERE  id_ = #{id_}
	</select>

	<!-- 根据唯一组合条件查询并返回数据持久化对象 -->
	<select id="selectOne" parameterType="Dto" resultType="Metadata_managePO">
		SELECT
		    <include refid="column" />
		FROM metadata_manage
		<where>
		    <include refid="equal" />
		</where>		
	</select>

	<!-- 根据Dto查询并返回数据持久化对象集合 -->
	<select id="list" parameterType="Dto" resultType="Metadata_managePO">
		SELECT
			<include refid="column" />	
		FROM metadata_manage
		<where>
		    <include refid="equal" />
		</where>	
	</select>

	<!-- 根据Dto查询并返回分页数据持久化对象集合 -->
	<select id="listPage" parameterType="Dto" resultType="Metadata_managePO" useCache="false">
	    SELECT
			<include refid="column" />	
		FROM metadata_manage
		<where>
		    <include refid="equal" />
		</where>	
	</select>
	
	<!-- 根据Dto模糊查询并返回数据持久化对象集合(字符型字段模糊匹配，其余字段精确匹配) -->
	<select id="like" parameterType="Dto" resultType="Metadata_managePO">
		SELECT
			<include refid="column" />	
		FROM metadata_manage
		<where>
		    <include refid="like" />
		</where>	
	</select>

	<!-- 根据Dto模糊查询并返回分页数据持久化对象集合(字符型字段模糊匹配，其余字段精确匹配) -->
	<select id="likePage" parameterType="Dto" resultType="Metadata_managePO" useCache="false">
	    SELECT
			<include refid="column" />	
		FROM metadata_manage
		<where>
		    <include refid="like" />
		</where>	
	</select>
	
	<!-- 根据Dto统计行数 -->
	<select id="rows" resultType="Integer" parameterType="Dto">
		SELECT COUNT(1) AS aos_rows_ FROM metadata_manage
		<where>
		    <include refid="equal" />
		</where>
	</select>
	
	<!-- 根据数学表达式进行数学运算 -->
	<select id="calc" parameterType="Dto" resultType="String">
		SELECT
			${_expr}
		FROM metadata_manage
		<where>
		    <include refid="equal" />
		</where>
	</select>
	
	<!-- 表字段 -->
	<sql id="column">
		  id_,  <!-- id_ -->
		  tid,  <!-- tid -->
		  czr,  <!-- czr -->
		  czsj,  <!-- czsj -->
		  czls  <!-- czls -->
	</sql>
	
	<!-- 表字段(用于外表的关联时引用) -->
	<sql id="column2">
		  metadata_manage.id_,  <!-- id_ -->
		  metadata_manage.tid,  <!-- tid -->
		  metadata_manage.czr,  <!-- czr -->
		  metadata_manage.czsj,  <!-- czsj -->
		  metadata_manage.czls  <!-- czls -->
	</sql>

	<!-- Where精确匹配字段 -->
	<sql id="equal">
	    <if test="id_ != null and id_ != ''">
		      AND id_ = #{id_}  <!-- id_ -->
		</if>
	    <if test="tid != null and tid != ''">
		      AND tid = #{tid}  <!-- tid -->
		</if>
	    <if test="czr != null and czr != ''">
		      AND czr = #{czr}  <!-- czr -->
		</if>
	    <if test="czsj != null and czsj != ''">
		      AND czsj = #{czsj}  <!-- czsj -->
		</if>
	    <if test="czls != null and czls != ''">
		      AND czls = #{czls}  <!-- czls -->
		</if>
	</sql>
	
	<!-- Where模糊匹配字段 -->
	<sql id="like">
	    <if test="id_ != null and id_ != ''">
		      AND id_ like '%${id_}%'  <!-- id_ -->
		</if>
	    <if test="tid != null and tid != ''">
		      AND tid like '%${tid}%'  <!-- tid -->
		</if>
	    <if test="czr != null and czr != ''">
		      AND czr like '%${czr}%'  <!-- czr -->
		</if>
	    <if test="czsj != null and czsj != ''">
		      AND czsj like '%${czsj}%'  <!-- czsj -->
		</if>
	    <if test="czls != null and czls != ''">
		      AND czls like '%${czls}%'  <!-- czls -->
		</if>
	</sql>
	
</mapper>