<?xml version="1.0" encoding="UTF-8"?>
<!DOCTYPE mapper PUBLIC "-//mybatis.org//DTD Mapper 3.0//EN" 
"http://mybatis.org/dtd/mybatis-3-mapper.dtd">

<!-- setscan_suffix[setscan_suffix]SQLMapper自动映射 -->
<!--  注意:此文件由AOS平台自动生成-禁止手工修改 2020-08-18 13:52:27 -->
<mapper namespace="cn.osworks.aos.system.dao.mapper.Setscan_suffixMapper">
	
	<!-- 插入一个数据持久化对象(插入字段为传入PO实体的非空属性) -->
	<insert id="insert"  parameterType="Setscan_suffixPO">
		INSERT INTO setscan_suffix (
		<if test="username != null and username != ''">
	         username, <!-- username -->
		</if>
		<if test="sel != null and sel != ''">
	         sel, <!-- sel -->
		</if>
		<if test="ord != null and ord != ''">
	         ord, <!-- ord -->
		</if>
		<if test="id_ != null and id_ != ''">
	          id_  <!-- id_ -->
	   </if>
		)VALUES(
		<if test="username != null and username != ''">
	          #{username, jdbcType=VARCHAR}, <!-- username -->
	    </if>
		<if test="sel != null and sel != ''">
	          #{sel, jdbcType=VARCHAR}, <!-- sel -->
	    </if>
		<if test="ord != null and ord != ''">
	          #{ord, jdbcType=VARCHAR}, <!-- ord -->
	    </if>
		<if test="id_ != null and id_ != ''">
		     #{id_, jdbcType=VARCHAR}  <!-- id_ -->
	    </if>
		)
	</insert>
	
	<!-- 插入一个数据持久化对象(含所有字段) -->
	<insert id="insertAll"  parameterType="Setscan_suffixPO">
		INSERT INTO setscan_suffix (
		    <include refid="column" />
		)
		VALUES (
		    #{id_, jdbcType=VARCHAR},  <!-- id_ -->
		    #{username, jdbcType=VARCHAR},  <!-- username -->
		    #{sel, jdbcType=VARCHAR},  <!-- sel -->
		    #{ord, jdbcType=VARCHAR}  <!-- ord -->
		)
	</insert>

	<!-- 根据主键修改数据持久化对象 -->
	<update id="updateByKey" parameterType="Setscan_suffixPO">
		UPDATE setscan_suffix
		<set>
			<if test="id_ != null">
		          id_ = #{id_, jdbcType=VARCHAR},  <!-- id_ -->
			</if>
			<if test="username != null">
		          username = #{username, jdbcType=VARCHAR},  <!-- username -->
			</if>
			<if test="sel != null">
		          sel = #{sel, jdbcType=VARCHAR},  <!-- sel -->
			</if>
			<if test="ord != null">
		          ord = #{ord, jdbcType=VARCHAR},  <!-- ord -->
			</if>
		</set>
		WHERE  id_ = #{id_}
	</update>
	
	<!-- 根据主键删除数据持久化对象 -->
	<delete id="deleteByKey">
		DELETE FROM setscan_suffix WHERE  id_ = #{id_}
	</delete>

	<!-- 根据主键查询并返回数据持久化对象 -->
	<select id="selectByKey" resultType="Setscan_suffixPO">
		SELECT
		<include refid="column" />
		FROM setscan_suffix WHERE  id_ = #{id_}
	</select>

	<!-- 根据唯一组合条件查询并返回数据持久化对象 -->
	<select id="selectOne" parameterType="Dto" resultType="Setscan_suffixPO">
		SELECT
		    <include refid="column" />
		FROM setscan_suffix
		<where>
		    <include refid="equal" />
		</where>		
	</select>

	<!-- 根据Dto查询并返回数据持久化对象集合 -->
	<select id="list" parameterType="Dto" resultType="Setscan_suffixPO">
		SELECT
			<include refid="column" />	
		FROM setscan_suffix
		<where>
		    <include refid="equal" />
		</where>	
	</select>

	<!-- 根据Dto查询并返回分页数据持久化对象集合 -->
	<select id="listPage" parameterType="Dto" resultType="Setscan_suffixPO" useCache="false">
	    SELECT
			<include refid="column" />	
		FROM setscan_suffix
		<where>
		    <include refid="equal" />
		</where>	
	</select>
	
	<!-- 根据Dto模糊查询并返回数据持久化对象集合(字符型字段模糊匹配，其余字段精确匹配) -->
	<select id="like" parameterType="Dto" resultType="Setscan_suffixPO">
		SELECT
			<include refid="column" />	
		FROM setscan_suffix
		<where>
		    <include refid="like" />
		</where>	
	</select>

	<!-- 根据Dto模糊查询并返回分页数据持久化对象集合(字符型字段模糊匹配，其余字段精确匹配) -->
	<select id="likePage" parameterType="Dto" resultType="Setscan_suffixPO" useCache="false">
	    SELECT
			<include refid="column" />	
		FROM setscan_suffix
		<where>
		    <include refid="like" />
		</where>	
	</select>
	
	<!-- 根据Dto统计行数 -->
	<select id="rows" resultType="Integer" parameterType="Dto">
		SELECT COUNT(1) AS aos_rows_ FROM setscan_suffix
		<where>
		    <include refid="equal" />
		</where>
	</select>
	
	<!-- 根据数学表达式进行数学运算 -->
	<select id="calc" parameterType="Dto" resultType="String">
		SELECT
			${_expr}
		FROM setscan_suffix
		<where>
		    <include refid="equal" />
		</where>
	</select>
	
	<!-- 表字段 -->
	<sql id="column">
		  id_,  <!-- id_ -->
		  username,  <!-- username -->
		  sel,  <!-- sel -->
		  ord  <!-- ord -->
	</sql>
	
	<!-- 表字段(用于外表的关联时引用) -->
	<sql id="column2">
		  setscan_suffix.id_,  <!-- id_ -->
		  setscan_suffix.username,  <!-- username -->
		  setscan_suffix.sel,  <!-- sel -->
		  setscan_suffix.ord  <!-- ord -->
	</sql>

	<!-- Where精确匹配字段 -->
	<sql id="equal">
	    <if test="id_ != null and id_ != ''">
		      AND id_ = #{id_}  <!-- id_ -->
		</if>
	    <if test="username != null and username != ''">
		      AND username = #{username}  <!-- username -->
		</if>
	    <if test="sel != null and sel != ''">
		      AND sel = #{sel}  <!-- sel -->
		</if>
	    <if test="ord != null and ord != ''">
		      AND ord = #{ord}  <!-- ord -->
		</if>
	</sql>
	
	<!-- Where模糊匹配字段 -->
	<sql id="like">
	    <if test="id_ != null and id_ != ''">
		      AND id_ like '%${id_}%'  <!-- id_ -->
		</if>
	    <if test="username != null and username != ''">
		      AND username like '%${username}%'  <!-- username -->
		</if>
	    <if test="sel != null and sel != ''">
		      AND sel like '%${sel}%'  <!-- sel -->
		</if>
	    <if test="ord != null and ord != ''">
		      AND ord like '%${ord}%'  <!-- ord -->
		</if>
	</sql>
	
</mapper>