<?xml version="1.0" encoding="UTF-8"?>
<!DOCTYPE mapper PUBLIC "-//mybatis.org//DTD Mapper 3.0//EN" 
"http://mybatis.org/dtd/mybatis-3-mapper.dtd">

<!-- zlts_receive[zlts_receive]SQLMapper自动映射 -->
<!--  注意:此文件由AOS平台自动生成-禁止手工修改 2020-08-12 15:01:44 -->
<mapper namespace="cn.osworks.aos.system.dao.mapper.Zlts_receiveMapper">
	
	<!-- 插入一个数据持久化对象(插入字段为传入PO实体的非空属性) -->
	<insert id="insert"  parameterType="Zlts_receivePO">
		INSERT INTO zlts_receive (
		<if test="mj != null and mj != ''">
	         mj, <!-- mj -->
		</if>
		<if test="fs != null and fs != ''">
	         fs, <!-- fs -->
		</if>
		<if test="zz != null and zz != ''">
	         zz, <!-- zz -->
		</if>
		<if test="cbs != null and cbs != ''">
	         cbs, <!-- cbs -->
		</if>
		<if test="sxh != null and sxh != ''">
	         sxh, <!-- sxh -->
		</if>
		<if test="flh != null and flh != ''">
	         flh, <!-- flh -->
		</if>
		<if test="yh != null and yh != ''">
	         yh, <!-- yh -->
		</if>
		<if test="ly != null and ly != ''">
	         ly, <!-- ly -->
		</if>
		<if test="bgqx != null and bgqx != ''">
	         bgqx, <!-- bgqx -->
		</if>
		<if test="qzh != null and qzh != ''">
	         qzh, <!-- qzh -->
		</if>
		<if test="nd != null and nd != ''">
	         nd, <!-- nd -->
		</if>
		<if test="dh != null and dh != ''">
	         dh, <!-- dh -->
		</if>
		<if test="damldm != null and damldm != ''">
	         damldm, <!-- damldm -->
		</if>
		<if test="fz != null and fz != ''">
	         fz, <!-- fz -->
		</if>
		<if test="ys != null">
	         ys, <!-- ys -->
		</if>
		<if test="tm != null and tm != ''">
	         tm, <!-- tm -->
		</if>
		<if test="qzmc != null and qzmc != ''">
	         qzmc, <!-- qzmc -->
		</if>
		<if test="kfbs != null and kfbs != ''">
	         kfbs, <!-- kfbs -->
		</if>
		<if test="jybs != null and jybs != ''">
	         jybs, <!-- jybs -->
		</if>
		<if test="dzhfs != null and dzhfs != ''">
	         dzhfs, <!-- dzhfs -->
		</if>
		<if test="bz != null and bz != ''">
	         bz, <!-- bz -->
		</if>
		<if test="_lrr != null and _lrr != ''">
	         _lrr, <!-- _lrr -->
		</if>
		<if test="_lrrq != null and _lrrq != ''">
	         _lrrq, <!-- _lrrq -->
		</if>
		<if test="_classtree != null and _classtree != ''">
	         _classtree, <!-- _classtree -->
		</if>
		<if test="_jy != null and _jy != ''">
	         _jy, <!-- _jy -->
		</if>
		<if test="_jd != null and _jd != ''">
	         _jd, <!-- _jd -->
		</if>
		<if test="_path != null">
	         _path, <!-- _path -->
		</if>
		<if test="cwsj != null and cwsj != ''">
	         cwsj, <!-- cwsj -->
		</if>
		<if test="ysys != null">
	         ysys, <!-- ysys -->
		</if>
		<if test="_kaifang != null and _kaifang != ''">
	         _kaifang, <!-- _kaifang -->
		</if>
		<if test="_xh != null and _xh != ''">
	         _xh, <!-- _xh -->
		</if>
		<if test="_daoqi != null and _daoqi != ''">
	         _daoqi, <!-- _daoqi -->
		</if>
		<if test="_bgqx != null and _bgqx != ''">
	         _bgqx, <!-- _bgqx -->
		</if>
		<if test="syjs != null">
	         syjs, <!-- syjs -->
		</if>
		<if test="ssjs != null">
	         ssjs, <!-- ssjs -->
		</if>
		<if test="ssys != null">
	         ssys, <!-- ssys -->
		</if>
		<if test="ssrl != null">
	         ssrl, <!-- ssrl -->
		</if>
		<if test="ysjs != null">
	         ysjs, <!-- ysjs -->
		</if>
		<if test="js != null">
	         js, <!-- js -->
		</if>
		<if test="hs != null">
	         hs, <!-- hs -->
		</if>
		<if test="cwsj1 != null and cwsj1 != ''">
	         cwsj1, <!-- cwsj1 -->
		</if>
		<if test="cz_bh != null and cz_bh != ''">
	         cz_bh, <!-- cz_bh -->
		</if>
		<if test="_mj != null and _mj != ''">
	         _mj, <!-- _mj -->
		</if>
		<if test="hjr != null and hjr != ''">
	         hjr, <!-- hjr -->
		</if>
		<if test="hjsj != null and hjsj != ''">
	         hjsj, <!-- hjsj -->
		</if>
		<if test="flag != null and flag != ''">
	         flag, <!-- flag -->
		</if>
		<if test="pch != null and pch != ''">
	         pch, <!-- pch -->
		</if>
		<if test="lx != null and lx != ''">
	         lx, <!-- lx -->
		</if>
		<if test="sxjczt != null and sxjczt != ''">
			sxjczt, <!-- lx -->
		</if>
		<if test="sxjcjg != null and sxjcjg != ''">
			sxjcjg, <!-- lx -->
		</if>
		<if test="id_ != null and id_ != ''">
	          id_  <!-- id_ -->
	   </if>
		)VALUES(
		<if test="mj != null and mj != ''">
	          #{mj, jdbcType=VARCHAR}, <!-- mj -->
	    </if>
		<if test="fs != null and fs != ''">
	          #{fs, jdbcType=VARCHAR}, <!-- fs -->
	    </if>
		<if test="zz != null and zz != ''">
	          #{zz, jdbcType=VARCHAR}, <!-- zz -->
	    </if>
		<if test="cbs != null and cbs != ''">
	          #{cbs, jdbcType=VARCHAR}, <!-- cbs -->
	    </if>
		<if test="sxh != null and sxh != ''">
	          #{sxh, jdbcType=VARCHAR}, <!-- sxh -->
	    </if>
		<if test="flh != null and flh != ''">
	          #{flh, jdbcType=VARCHAR}, <!-- flh -->
	    </if>
		<if test="yh != null and yh != ''">
	          #{yh, jdbcType=VARCHAR}, <!-- yh -->
	    </if>
		<if test="ly != null and ly != ''">
	          #{ly, jdbcType=VARCHAR}, <!-- ly -->
	    </if>
		<if test="bgqx != null and bgqx != ''">
	          #{bgqx, jdbcType=VARCHAR}, <!-- bgqx -->
	    </if>
		<if test="qzh != null and qzh != ''">
	          #{qzh, jdbcType=VARCHAR}, <!-- qzh -->
	    </if>
		<if test="nd != null and nd != ''">
	          #{nd, jdbcType=VARCHAR}, <!-- nd -->
	    </if>
		<if test="dh != null and dh != ''">
	          #{dh, jdbcType=VARCHAR}, <!-- dh -->
	    </if>
		<if test="damldm != null and damldm != ''">
	          #{damldm, jdbcType=VARCHAR}, <!-- damldm -->
	    </if>
		<if test="fz != null and fz != ''">
	          #{fz, jdbcType=VARCHAR}, <!-- fz -->
	    </if>
		<if test="ys != null">
	          #{ys, jdbcType=INTEGER}, <!-- ys -->
	    </if>
		<if test="tm != null and tm != ''">
	          #{tm, jdbcType=VARCHAR}, <!-- tm -->
	    </if>
		<if test="qzmc != null and qzmc != ''">
	          #{qzmc, jdbcType=VARCHAR}, <!-- qzmc -->
	    </if>
		<if test="kfbs != null and kfbs != ''">
	          #{kfbs, jdbcType=VARCHAR}, <!-- kfbs -->
	    </if>
		<if test="jybs != null and jybs != ''">
	          #{jybs, jdbcType=VARCHAR}, <!-- jybs -->
	    </if>
		<if test="dzhfs != null and dzhfs != ''">
	          #{dzhfs, jdbcType=VARCHAR}, <!-- dzhfs -->
	    </if>
		<if test="bz != null and bz != ''">
	          #{bz, jdbcType=VARCHAR}, <!-- bz -->
	    </if>
		<if test="_lrr != null and _lrr != ''">
	          #{_lrr, jdbcType=VARCHAR}, <!-- _lrr -->
	    </if>
		<if test="_lrrq != null and _lrrq != ''">
	          #{_lrrq, jdbcType=VARCHAR}, <!-- _lrrq -->
	    </if>
		<if test="_classtree != null and _classtree != ''">
	          #{_classtree, jdbcType=VARCHAR}, <!-- _classtree -->
	    </if>
		<if test="_jy != null and _jy != ''">
	          #{_jy, jdbcType=VARCHAR}, <!-- _jy -->
	    </if>
		<if test="_jd != null and _jd != ''">
	          #{_jd, jdbcType=VARCHAR}, <!-- _jd -->
	    </if>
		<if test="_path != null">
	          #{_path, jdbcType=INTEGER}, <!-- _path -->
	    </if>
		<if test="cwsj != null and cwsj != ''">
	          #{cwsj, jdbcType=VARCHAR}, <!-- cwsj -->
	    </if>
		<if test="ysys != null">
	          #{ysys, jdbcType=INTEGER}, <!-- ysys -->
	    </if>
		<if test="_kaifang != null and _kaifang != ''">
	          #{_kaifang, jdbcType=VARCHAR}, <!-- _kaifang -->
	    </if>
		<if test="_xh != null and _xh != ''">
	          #{_xh, jdbcType=VARCHAR}, <!-- _xh -->
	    </if>
		<if test="_daoqi != null and _daoqi != ''">
	          #{_daoqi, jdbcType=VARCHAR}, <!-- _daoqi -->
	    </if>
		<if test="_bgqx != null and _bgqx != ''">
	          #{_bgqx, jdbcType=VARCHAR}, <!-- _bgqx -->
	    </if>
		<if test="syjs != null">
	          #{syjs, jdbcType=INTEGER}, <!-- syjs -->
	    </if>
		<if test="ssjs != null">
	          #{ssjs, jdbcType=INTEGER}, <!-- ssjs -->
	    </if>
		<if test="ssys != null">
	          #{ssys, jdbcType=INTEGER}, <!-- ssys -->
	    </if>
		<if test="ssrl != null">
	          #{ssrl, jdbcType=INTEGER}, <!-- ssrl -->
	    </if>
		<if test="ysjs != null">
	          #{ysjs, jdbcType=INTEGER}, <!-- ysjs -->
	    </if>
		<if test="js != null">
	          #{js, jdbcType=INTEGER}, <!-- js -->
	    </if>
		<if test="hs != null">
	          #{hs, jdbcType=INTEGER}, <!-- hs -->
	    </if>
		<if test="cwsj1 != null and cwsj1 != ''">
	          #{cwsj1, jdbcType=VARCHAR}, <!-- cwsj1 -->
	    </if>
		<if test="cz_bh != null and cz_bh != ''">
	          #{cz_bh, jdbcType=VARCHAR}, <!-- cz_bh -->
	    </if>
		<if test="_mj != null and _mj != ''">
	          #{_mj, jdbcType=VARCHAR}, <!-- _mj -->
	    </if>
		<if test="hjr != null and hjr != ''">
	          #{hjr, jdbcType=VARCHAR}, <!-- hjr -->
	    </if>
		<if test="hjsj != null and hjsj != ''">
	          #{hjsj, jdbcType=VARCHAR}, <!-- hjsj -->
	    </if>
		<if test="flag != null and flag != ''">
	          #{flag, jdbcType=VARCHAR}, <!-- flag -->
	    </if>
		<if test="pch != null and pch != ''">
	          #{pch, jdbcType=VARCHAR}, <!-- pch -->
	    </if>
		<if test="lx != null and lx != ''">
	          #{lx, jdbcType=VARCHAR}, <!-- lx -->
	    </if>
		<if test="sxjczt != null and sxjczt != ''">
			#{sxjczt, jdbcType=VARCHAR}, <!-- lx -->
		</if>
		<if test="sxjcjg != null and sxjcjg != ''">
			#{sxjcjg, jdbcType=VARCHAR}, <!-- lx -->
		</if>
		<if test="id_ != null and id_ != ''">
		     #{id_, jdbcType=VARCHAR}  <!-- id_ -->
	    </if>
		)
	</insert>
	
	<!-- 插入一个数据持久化对象(含所有字段) -->
	<insert id="insertAll"  parameterType="Zlts_receivePO">
		INSERT INTO zlts_receive (
		    <include refid="column" />
		)
		VALUES (
		    #{id_, jdbcType=VARCHAR},  <!-- id_ -->
		    #{mj, jdbcType=VARCHAR},  <!-- mj -->
		    #{fs, jdbcType=VARCHAR},  <!-- fs -->
		    #{zz, jdbcType=VARCHAR},  <!-- zz -->
		    #{cbs, jdbcType=VARCHAR},  <!-- cbs -->
		    #{sxh, jdbcType=VARCHAR},  <!-- sxh -->
		    #{flh, jdbcType=VARCHAR},  <!-- flh -->
		    #{yh, jdbcType=VARCHAR},  <!-- yh -->
		    #{ly, jdbcType=VARCHAR},  <!-- ly -->
		    #{bgqx, jdbcType=VARCHAR},  <!-- bgqx -->
		    #{qzh, jdbcType=VARCHAR},  <!-- qzh -->
		    #{nd, jdbcType=VARCHAR},  <!-- nd -->
		    #{dh, jdbcType=VARCHAR},  <!-- dh -->
		    #{damldm, jdbcType=VARCHAR},  <!-- damldm -->
		    #{fz, jdbcType=VARCHAR},  <!-- fz -->
		    #{ys, jdbcType=INTEGER},  <!-- ys -->
		    #{tm, jdbcType=VARCHAR},  <!-- tm -->
		    #{qzmc, jdbcType=VARCHAR},  <!-- qzmc -->
		    #{kfbs, jdbcType=VARCHAR},  <!-- kfbs -->
		    #{jybs, jdbcType=VARCHAR},  <!-- jybs -->
		    #{dzhfs, jdbcType=VARCHAR},  <!-- dzhfs -->
		    #{bz, jdbcType=VARCHAR},  <!-- bz -->
		    #{_lrr, jdbcType=VARCHAR},  <!-- _lrr -->
		    #{_lrrq, jdbcType=VARCHAR},  <!-- _lrrq -->
		    #{_classtree, jdbcType=VARCHAR},  <!-- _classtree -->
		    #{_jy, jdbcType=VARCHAR},  <!-- _jy -->
		    #{_jd, jdbcType=VARCHAR},  <!-- _jd -->
		    #{_path, jdbcType=INTEGER},  <!-- _path -->
		    #{cwsj, jdbcType=VARCHAR},  <!-- cwsj -->
		    #{ysys, jdbcType=INTEGER},  <!-- ysys -->
		    #{_kaifang, jdbcType=VARCHAR},  <!-- _kaifang -->
		    #{_xh, jdbcType=VARCHAR},  <!-- _xh -->
		    #{_daoqi, jdbcType=VARCHAR},  <!-- _daoqi -->
		    #{_bgqx, jdbcType=VARCHAR},  <!-- _bgqx -->
		    #{syjs, jdbcType=INTEGER},  <!-- syjs -->
		    #{ssjs, jdbcType=INTEGER},  <!-- ssjs -->
		    #{ssys, jdbcType=INTEGER},  <!-- ssys -->
		    #{ssrl, jdbcType=INTEGER},  <!-- ssrl -->
		    #{ysjs, jdbcType=INTEGER},  <!-- ysjs -->
		    #{js, jdbcType=INTEGER},  <!-- js -->
		    #{hs, jdbcType=INTEGER},  <!-- hs -->
		    #{cwsj1, jdbcType=VARCHAR},  <!-- cwsj1 -->
		    #{cz_bh, jdbcType=VARCHAR},  <!-- cz_bh -->
		    #{_mj, jdbcType=VARCHAR},  <!-- _mj -->
		    #{hjr, jdbcType=VARCHAR},  <!-- hjr -->
		    #{hjsj, jdbcType=VARCHAR},  <!-- hjsj -->
		    #{flag, jdbcType=VARCHAR},  <!-- flag -->
		    #{pch, jdbcType=VARCHAR},  <!-- pch -->
		#{sxjczt, jdbcType=VARCHAR},  <!-- rm -->
		#{sxjcjg, jdbcType=VARCHAR},  <!-- lx -->
		#{lx, jdbcType=VARCHAR}
		)
	</insert>

	<!-- 根据主键修改数据持久化对象 -->
	<update id="updateByKey" parameterType="Zlts_receivePO">
		UPDATE zlts_receive
		<set>
			<if test="id_ != null">
		          id_ = #{id_, jdbcType=VARCHAR},  <!-- id_ -->
			</if>
			<if test="mj != null">
		          mj = #{mj, jdbcType=VARCHAR},  <!-- mj -->
			</if>
			<if test="fs != null">
		          fs = #{fs, jdbcType=VARCHAR},  <!-- fs -->
			</if>
			<if test="zz != null">
		          zz = #{zz, jdbcType=VARCHAR},  <!-- zz -->
			</if>
			<if test="cbs != null">
		          cbs = #{cbs, jdbcType=VARCHAR},  <!-- cbs -->
			</if>
			<if test="sxh != null">
		          sxh = #{sxh, jdbcType=VARCHAR},  <!-- sxh -->
			</if>
			<if test="flh != null">
		          flh = #{flh, jdbcType=VARCHAR},  <!-- flh -->
			</if>
			<if test="yh != null">
		          yh = #{yh, jdbcType=VARCHAR},  <!-- yh -->
			</if>
			<if test="ly != null">
		          ly = #{ly, jdbcType=VARCHAR},  <!-- ly -->
			</if>
			<if test="bgqx != null">
		          bgqx = #{bgqx, jdbcType=VARCHAR},  <!-- bgqx -->
			</if>
			<if test="qzh != null">
		          qzh = #{qzh, jdbcType=VARCHAR},  <!-- qzh -->
			</if>
			<if test="nd != null">
		          nd = #{nd, jdbcType=VARCHAR},  <!-- nd -->
			</if>
			<if test="dh != null">
		          dh = #{dh, jdbcType=VARCHAR},  <!-- dh -->
			</if>
			<if test="damldm != null">
		          damldm = #{damldm, jdbcType=VARCHAR},  <!-- damldm -->
			</if>
			<if test="fz != null">
		          fz = #{fz, jdbcType=VARCHAR},  <!-- fz -->
			</if>
			<if test="ys != null">
		          ys = #{ys, jdbcType=INTEGER},  <!-- ys -->
			</if>
			<if test="tm != null">
		          tm = #{tm, jdbcType=VARCHAR},  <!-- tm -->
			</if>
			<if test="qzmc != null">
		          qzmc = #{qzmc, jdbcType=VARCHAR},  <!-- qzmc -->
			</if>
			<if test="kfbs != null">
		          kfbs = #{kfbs, jdbcType=VARCHAR},  <!-- kfbs -->
			</if>
			<if test="jybs != null">
		          jybs = #{jybs, jdbcType=VARCHAR},  <!-- jybs -->
			</if>
			<if test="dzhfs != null">
		          dzhfs = #{dzhfs, jdbcType=VARCHAR},  <!-- dzhfs -->
			</if>
			<if test="bz != null">
		          bz = #{bz, jdbcType=VARCHAR},  <!-- bz -->
			</if>
			<if test="_lrr != null">
		          _lrr = #{_lrr, jdbcType=VARCHAR},  <!-- _lrr -->
			</if>
			<if test="_lrrq != null">
		          _lrrq = #{_lrrq, jdbcType=VARCHAR},  <!-- _lrrq -->
			</if>
			<if test="_classtree != null">
		          _classtree = #{_classtree, jdbcType=VARCHAR},  <!-- _classtree -->
			</if>
			<if test="_jy != null">
		          _jy = #{_jy, jdbcType=VARCHAR},  <!-- _jy -->
			</if>
			<if test="_jd != null">
		          _jd = #{_jd, jdbcType=VARCHAR},  <!-- _jd -->
			</if>
			<if test="_path != null">
		          _path = #{_path, jdbcType=INTEGER},  <!-- _path -->
			</if>
			<if test="cwsj != null">
		          cwsj = #{cwsj, jdbcType=VARCHAR},  <!-- cwsj -->
			</if>
			<if test="ysys != null">
		          ysys = #{ysys, jdbcType=INTEGER},  <!-- ysys -->
			</if>
			<if test="_kaifang != null">
		          _kaifang = #{_kaifang, jdbcType=VARCHAR},  <!-- _kaifang -->
			</if>
			<if test="_xh != null">
		          _xh = #{_xh, jdbcType=VARCHAR},  <!-- _xh -->
			</if>
			<if test="_daoqi != null">
		          _daoqi = #{_daoqi, jdbcType=VARCHAR},  <!-- _daoqi -->
			</if>
			<if test="_bgqx != null">
		          _bgqx = #{_bgqx, jdbcType=VARCHAR},  <!-- _bgqx -->
			</if>
			<if test="syjs != null">
		          syjs = #{syjs, jdbcType=INTEGER},  <!-- syjs -->
			</if>
			<if test="ssjs != null">
		          ssjs = #{ssjs, jdbcType=INTEGER},  <!-- ssjs -->
			</if>
			<if test="ssys != null">
		          ssys = #{ssys, jdbcType=INTEGER},  <!-- ssys -->
			</if>
			<if test="ssrl != null">
		          ssrl = #{ssrl, jdbcType=INTEGER},  <!-- ssrl -->
			</if>
			<if test="ysjs != null">
		          ysjs = #{ysjs, jdbcType=INTEGER},  <!-- ysjs -->
			</if>
			<if test="js != null">
		          js = #{js, jdbcType=INTEGER},  <!-- js -->
			</if>
			<if test="hs != null">
		          hs = #{hs, jdbcType=INTEGER},  <!-- hs -->
			</if>
			<if test="cwsj1 != null">
		          cwsj1 = #{cwsj1, jdbcType=VARCHAR},  <!-- cwsj1 -->
			</if>
			<if test="cz_bh != null">
		          cz_bh = #{cz_bh, jdbcType=VARCHAR},  <!-- cz_bh -->
			</if>
			<if test="_mj != null">
		          _mj = #{_mj, jdbcType=VARCHAR},  <!-- _mj -->
			</if>
			<if test="hjr != null">
		          hjr = #{hjr, jdbcType=VARCHAR},  <!-- hjr -->
			</if>
			<if test="hjsj != null">
		          hjsj = #{hjsj, jdbcType=VARCHAR},  <!-- hjsj -->
			</if>
			<if test="flag != null">
		          flag = #{flag, jdbcType=VARCHAR},  <!-- flag -->
			</if>
			<if test="pch != null">
		          pch = #{pch, jdbcType=VARCHAR},  <!-- pch -->
			</if>
			<if test="sxjczt != null">
				sxjczt = #{sxjczt, jdbcType=VARCHAR},
			</if>
			<if test="sxjcjg != null">
				sxjcjg = #{sxjcjg, jdbcType=VARCHAR},
			</if>
			<if test="lx != null">
		          lx = #{lx, jdbcType=VARCHAR},  <!-- lx -->
			</if>
		</set>
		WHERE  id_ = #{id_}
	</update>
	
	<!-- 根据主键删除数据持久化对象 -->
	<delete id="deleteByKey">
		DELETE FROM zlts_receive WHERE  id_ = #{id_}
	</delete>

	<!-- 根据主键查询并返回数据持久化对象 -->
	<select id="selectByKey" resultType="Zlts_receivePO">
		SELECT
		<include refid="column" />
		FROM zlts_receive WHERE  id_ = #{id_}
	</select>

	<!-- 根据唯一组合条件查询并返回数据持久化对象 -->
	<select id="selectOne" parameterType="Dto" resultType="Zlts_receivePO">
		SELECT
		    <include refid="column" />
		FROM zlts_receive
		<where>
		    <include refid="equal" />
		</where>		
	</select>

	<!-- 根据Dto查询并返回数据持久化对象集合 -->
	<select id="list" parameterType="Dto" resultType="Zlts_receivePO">
		SELECT
			<include refid="column" />	
		FROM zlts_receive
		<where>
		    <include refid="equal" />
		</where>	
	</select>

	<!-- 根据Dto查询并返回分页数据持久化对象集合 -->
	<select id="listPage" parameterType="Dto" resultType="Zlts_receivePO" useCache="false">
	    SELECT
			<include refid="column" />	
		FROM zlts_receive
		<where>
		    <include refid="equal" />
		</where>	
	</select>
	
	<!-- 根据Dto模糊查询并返回数据持久化对象集合(字符型字段模糊匹配，其余字段精确匹配) -->
	<select id="like" parameterType="Dto" resultType="Zlts_receivePO">
		SELECT
			<include refid="column" />	
		FROM zlts_receive
		<where>
		    <include refid="like" />
		</where>	
	</select>

	<!-- 根据Dto模糊查询并返回分页数据持久化对象集合(字符型字段模糊匹配，其余字段精确匹配) -->
	<select id="likePage" parameterType="Dto" resultType="Zlts_receivePO" useCache="false">
	    SELECT
			<include refid="column" />	
		FROM zlts_receive
		<where>
		    <include refid="like" />
		</where>	
	</select>
	
	<!-- 根据Dto统计行数 -->
	<select id="rows" resultType="Integer" parameterType="Dto">
		SELECT COUNT(1) AS aos_rows_ FROM zlts_receive
		<where>
		    <include refid="equal" />
		</where>
	</select>
	
	<!-- 根据数学表达式进行数学运算 -->
	<select id="calc" parameterType="Dto" resultType="String">
		SELECT
			${_expr}
		FROM zlts_receive
		<where>
		    <include refid="equal" />
		</where>
	</select>
	
	<!-- 表字段 -->
	<sql id="column">
		  id_,  <!-- id_ -->
		  mj,  <!-- mj -->
		  fs,  <!-- fs -->
		  zz,  <!-- zz -->
		  cbs,  <!-- cbs -->
		  sxh,  <!-- sxh -->
		  flh,  <!-- flh -->
		  yh,  <!-- yh -->
		  ly,  <!-- ly -->
		  bgqx,  <!-- bgqx -->
		  qzh,  <!-- qzh -->
		  nd,  <!-- nd -->
		  dh,  <!-- dh -->
		  damldm,  <!-- damldm -->
		  fz,  <!-- fz -->
		  ys,  <!-- ys -->
		  tm,  <!-- tm -->
		  qzmc,  <!-- qzmc -->
		  kfbs,  <!-- kfbs -->
		  jybs,  <!-- jybs -->
		  dzhfs,  <!-- dzhfs -->
		  bz,  <!-- bz -->
		  _lrr,  <!-- _lrr -->
		  _lrrq,  <!-- _lrrq -->
		  _classtree,  <!-- _classtree -->
		  _jy,  <!-- _jy -->
		  _jd,  <!-- _jd -->
		  _path,  <!-- _path -->
		  cwsj,  <!-- cwsj -->
		  ysys,  <!-- ysys -->
		  _kaifang,  <!-- _kaifang -->
		  _xh,  <!-- _xh -->
		  _daoqi,  <!-- _daoqi -->
		  _bgqx,  <!-- _bgqx -->
		  syjs,  <!-- syjs -->
		  ssjs,  <!-- ssjs -->
		  ssys,  <!-- ssys -->
		  ssrl,  <!-- ssrl -->
		  ysjs,  <!-- ysjs -->
		  js,  <!-- js -->
		  hs,  <!-- hs -->
		  cwsj1,  <!-- cwsj1 -->
		  cz_bh,  <!-- cz_bh -->
		  _mj,  <!-- _mj -->
		  hjr,  <!-- hjr -->
		  hjsj,  <!-- hjsj -->
		  flag,  <!-- flag -->
		  pch,
		sxjczt,
		sxjcjg, <!-- pch -->
		  lx  <!-- lx -->
	</sql>
	
	<!-- 表字段(用于外表的关联时引用) -->
	<sql id="column2">
		  zlts_receive.id_,  <!-- id_ -->
		  zlts_receive.mj,  <!-- mj -->
		  zlts_receive.fs,  <!-- fs -->
		  zlts_receive.zz,  <!-- zz -->
		  zlts_receive.cbs,  <!-- cbs -->
		  zlts_receive.sxh,  <!-- sxh -->
		  zlts_receive.flh,  <!-- flh -->
		  zlts_receive.yh,  <!-- yh -->
		  zlts_receive.ly,  <!-- ly -->
		  zlts_receive.bgqx,  <!-- bgqx -->
		  zlts_receive.qzh,  <!-- qzh -->
		  zlts_receive.nd,  <!-- nd -->
		  zlts_receive.dh,  <!-- dh -->
		  zlts_receive.damldm,  <!-- damldm -->
		  zlts_receive.fz,  <!-- fz -->
		  zlts_receive.ys,  <!-- ys -->
		  zlts_receive.tm,  <!-- tm -->
		  zlts_receive.qzmc,  <!-- qzmc -->
		  zlts_receive.kfbs,  <!-- kfbs -->
		  zlts_receive.jybs,  <!-- jybs -->
		  zlts_receive.dzhfs,  <!-- dzhfs -->
		  zlts_receive.bz,  <!-- bz -->
		  zlts_receive._lrr,  <!-- _lrr -->
		  zlts_receive._lrrq,  <!-- _lrrq -->
		  zlts_receive._classtree,  <!-- _classtree -->
		  zlts_receive._jy,  <!-- _jy -->
		  zlts_receive._jd,  <!-- _jd -->
		  zlts_receive._path,  <!-- _path -->
		  zlts_receive.cwsj,  <!-- cwsj -->
		  zlts_receive.ysys,  <!-- ysys -->
		  zlts_receive._kaifang,  <!-- _kaifang -->
		  zlts_receive._xh,  <!-- _xh -->
		  zlts_receive._daoqi,  <!-- _daoqi -->
		  zlts_receive._bgqx,  <!-- _bgqx -->
		  zlts_receive.syjs,  <!-- syjs -->
		  zlts_receive.ssjs,  <!-- ssjs -->
		  zlts_receive.ssys,  <!-- ssys -->
		  zlts_receive.ssrl,  <!-- ssrl -->
		  zlts_receive.ysjs,  <!-- ysjs -->
		  zlts_receive.js,  <!-- js -->
		  zlts_receive.hs,  <!-- hs -->
		  zlts_receive.cwsj1,  <!-- cwsj1 -->
		  zlts_receive.cz_bh,  <!-- cz_bh -->
		  zlts_receive._mj,  <!-- _mj -->
		  zlts_receive.hjr,  <!-- hjr -->
		  zlts_receive.hjsj,  <!-- hjsj -->
		  zlts_receive.flag,  <!-- flag -->
		  zlts_receive.pch,
		zlts_receive.sxjczt,
		zlts_receive.sxjcjg,  <!-- pch -->
		  zlts_receive.lx  <!-- lx -->
	</sql>

	<!-- Where精确匹配字段 -->
	<sql id="equal">
	    <if test="id_ != null and id_ != ''">
		      AND id_ = #{id_}  <!-- id_ -->
		</if>
	    <if test="mj != null and mj != ''">
		      AND mj = #{mj}  <!-- mj -->
		</if>
	    <if test="fs != null and fs != ''">
		      AND fs = #{fs}  <!-- fs -->
		</if>
	    <if test="zz != null and zz != ''">
		      AND zz = #{zz}  <!-- zz -->
		</if>
	    <if test="cbs != null and cbs != ''">
		      AND cbs = #{cbs}  <!-- cbs -->
		</if>
	    <if test="sxh != null and sxh != ''">
		      AND sxh = #{sxh}  <!-- sxh -->
		</if>
	    <if test="flh != null and flh != ''">
		      AND flh = #{flh}  <!-- flh -->
		</if>
	    <if test="yh != null and yh != ''">
		      AND yh = #{yh}  <!-- yh -->
		</if>
	    <if test="ly != null and ly != ''">
		      AND ly = #{ly}  <!-- ly -->
		</if>
	    <if test="bgqx != null and bgqx != ''">
		      AND bgqx = #{bgqx}  <!-- bgqx -->
		</if>
	    <if test="qzh != null and qzh != ''">
		      AND qzh = #{qzh}  <!-- qzh -->
		</if>
	    <if test="nd != null and nd != ''">
		      AND nd = #{nd}  <!-- nd -->
		</if>
	    <if test="dh != null and dh != ''">
		      AND dh = #{dh}  <!-- dh -->
		</if>
	    <if test="damldm != null and damldm != ''">
		      AND damldm = #{damldm}  <!-- damldm -->
		</if>
	    <if test="fz != null and fz != ''">
		      AND fz = #{fz}  <!-- fz -->
		</if>
	   <if test="ys != null ">
		      AND ys = #{ys}  <!-- ys -->
		</if>
	    <if test="tm != null and tm != ''">
		      AND tm = #{tm}  <!-- tm -->
		</if>
	    <if test="qzmc != null and qzmc != ''">
		      AND qzmc = #{qzmc}  <!-- qzmc -->
		</if>
	    <if test="kfbs != null and kfbs != ''">
		      AND kfbs = #{kfbs}  <!-- kfbs -->
		</if>
	    <if test="jybs != null and jybs != ''">
		      AND jybs = #{jybs}  <!-- jybs -->
		</if>
	    <if test="dzhfs != null and dzhfs != ''">
		      AND dzhfs = #{dzhfs}  <!-- dzhfs -->
		</if>
	    <if test="bz != null and bz != ''">
		      AND bz = #{bz}  <!-- bz -->
		</if>
	    <if test="_lrr != null and _lrr != ''">
		      AND _lrr = #{_lrr}  <!-- _lrr -->
		</if>
	    <if test="_lrrq != null and _lrrq != ''">
		      AND _lrrq = #{_lrrq}  <!-- _lrrq -->
		</if>
	    <if test="_classtree != null and _classtree != ''">
		      AND _classtree = #{_classtree}  <!-- _classtree -->
		</if>
	    <if test="_jy != null and _jy != ''">
		      AND _jy = #{_jy}  <!-- _jy -->
		</if>
	    <if test="_jd != null and _jd != ''">
		      AND _jd = #{_jd}  <!-- _jd -->
		</if>
	   <if test="_path != null ">
		      AND _path = #{_path}  <!-- _path -->
		</if>
	    <if test="cwsj != null and cwsj != ''">
		      AND cwsj = #{cwsj}  <!-- cwsj -->
		</if>
	   <if test="ysys != null ">
		      AND ysys = #{ysys}  <!-- ysys -->
		</if>
	    <if test="_kaifang != null and _kaifang != ''">
		      AND _kaifang = #{_kaifang}  <!-- _kaifang -->
		</if>
	    <if test="_xh != null and _xh != ''">
		      AND _xh = #{_xh}  <!-- _xh -->
		</if>
	    <if test="_daoqi != null and _daoqi != ''">
		      AND _daoqi = #{_daoqi}  <!-- _daoqi -->
		</if>
	    <if test="_bgqx != null and _bgqx != ''">
		      AND _bgqx = #{_bgqx}  <!-- _bgqx -->
		</if>
	   <if test="syjs != null ">
		      AND syjs = #{syjs}  <!-- syjs -->
		</if>
	   <if test="ssjs != null ">
		      AND ssjs = #{ssjs}  <!-- ssjs -->
		</if>
	   <if test="ssys != null ">
		      AND ssys = #{ssys}  <!-- ssys -->
		</if>
	   <if test="ssrl != null ">
		      AND ssrl = #{ssrl}  <!-- ssrl -->
		</if>
	   <if test="ysjs != null ">
		      AND ysjs = #{ysjs}  <!-- ysjs -->
		</if>
	   <if test="js != null ">
		      AND js = #{js}  <!-- js -->
		</if>
	   <if test="hs != null ">
		      AND hs = #{hs}  <!-- hs -->
		</if>
	    <if test="cwsj1 != null and cwsj1 != ''">
		      AND cwsj1 = #{cwsj1}  <!-- cwsj1 -->
		</if>
	    <if test="cz_bh != null and cz_bh != ''">
		      AND cz_bh = #{cz_bh}  <!-- cz_bh -->
		</if>
	    <if test="_mj != null and _mj != ''">
		      AND _mj = #{_mj}  <!-- _mj -->
		</if>
	    <if test="hjr != null and hjr != ''">
		      AND hjr = #{hjr}  <!-- hjr -->
		</if>
	    <if test="hjsj != null and hjsj != ''">
		      AND hjsj = #{hjsj}  <!-- hjsj -->
		</if>
	    <if test="flag != null and flag != ''">
		      AND flag = #{flag}  <!-- flag -->
		</if>
	    <if test="pch != null and pch != ''">
		      AND pch = #{pch}  <!-- pch -->
		</if>
		<if test="sxjczt != null and sxjczt != ''">
			AND sxjczt = #{sxjczt}  <!-- lx -->
		</if>
		<if test="sxjcjg != null and sxjcjg != ''">
			AND sxjcjg = #{sxjcjg}  <!-- lx -->
		</if>
	    <if test="lx != null and lx != ''">
		      AND lx = #{lx}  <!-- lx -->
		</if>
	</sql>
	
	<!-- Where模糊匹配字段 -->
	<sql id="like">
	    <if test="id_ != null and id_ != ''">
		      AND id_ like '%${id_}%'  <!-- id_ -->
		</if>
	    <if test="mj != null and mj != ''">
		      AND mj like '%${mj}%'  <!-- mj -->
		</if>
	    <if test="fs != null and fs != ''">
		      AND fs like '%${fs}%'  <!-- fs -->
		</if>
	    <if test="zz != null and zz != ''">
		      AND zz like '%${zz}%'  <!-- zz -->
		</if>
	    <if test="cbs != null and cbs != ''">
		      AND cbs like '%${cbs}%'  <!-- cbs -->
		</if>
	    <if test="sxh != null and sxh != ''">
		      AND sxh like '%${sxh}%'  <!-- sxh -->
		</if>
	    <if test="flh != null and flh != ''">
		      AND flh like '%${flh}%'  <!-- flh -->
		</if>
	    <if test="yh != null and yh != ''">
		      AND yh like '%${yh}%'  <!-- yh -->
		</if>
	    <if test="ly != null and ly != ''">
		      AND ly like '%${ly}%'  <!-- ly -->
		</if>
	    <if test="bgqx != null and bgqx != ''">
		      AND bgqx like '%${bgqx}%'  <!-- bgqx -->
		</if>
	    <if test="qzh != null and qzh != ''">
		      AND qzh like '%${qzh}%'  <!-- qzh -->
		</if>
	    <if test="nd != null and nd != ''">
		      AND nd like '%${nd}%'  <!-- nd -->
		</if>
	    <if test="dh != null and dh != ''">
		      AND dh like '%${dh}%'  <!-- dh -->
		</if>
	    <if test="damldm != null and damldm != ''">
		      AND damldm like '%${damldm}%'  <!-- damldm -->
		</if>
	    <if test="fz != null and fz != ''">
		      AND fz like '%${fz}%'  <!-- fz -->
		</if>
	    <if test="tm != null and tm != ''">
		      AND tm like '%${tm}%'  <!-- tm -->
		</if>
	    <if test="qzmc != null and qzmc != ''">
		      AND qzmc like '%${qzmc}%'  <!-- qzmc -->
		</if>
	    <if test="kfbs != null and kfbs != ''">
		      AND kfbs like '%${kfbs}%'  <!-- kfbs -->
		</if>
	    <if test="jybs != null and jybs != ''">
		      AND jybs like '%${jybs}%'  <!-- jybs -->
		</if>
	    <if test="dzhfs != null and dzhfs != ''">
		      AND dzhfs like '%${dzhfs}%'  <!-- dzhfs -->
		</if>
	    <if test="bz != null and bz != ''">
		      AND bz like '%${bz}%'  <!-- bz -->
		</if>
	    <if test="_lrr != null and _lrr != ''">
		      AND _lrr like '%${_lrr}%'  <!-- _lrr -->
		</if>
	    <if test="_lrrq != null and _lrrq != ''">
		      AND _lrrq like '%${_lrrq}%'  <!-- _lrrq -->
		</if>
	    <if test="_classtree != null and _classtree != ''">
		      AND _classtree like '%${_classtree}%'  <!-- _classtree -->
		</if>
	    <if test="_jy != null and _jy != ''">
		      AND _jy like '%${_jy}%'  <!-- _jy -->
		</if>
	    <if test="_jd != null and _jd != ''">
		      AND _jd like '%${_jd}%'  <!-- _jd -->
		</if>
	    <if test="cwsj != null and cwsj != ''">
		      AND cwsj like '%${cwsj}%'  <!-- cwsj -->
		</if>
	    <if test="_kaifang != null and _kaifang != ''">
		      AND _kaifang like '%${_kaifang}%'  <!-- _kaifang -->
		</if>
	    <if test="_xh != null and _xh != ''">
		      AND _xh like '%${_xh}%'  <!-- _xh -->
		</if>
	    <if test="_daoqi != null and _daoqi != ''">
		      AND _daoqi like '%${_daoqi}%'  <!-- _daoqi -->
		</if>
	    <if test="_bgqx != null and _bgqx != ''">
		      AND _bgqx like '%${_bgqx}%'  <!-- _bgqx -->
		</if>
	    <if test="cwsj1 != null and cwsj1 != ''">
		      AND cwsj1 like '%${cwsj1}%'  <!-- cwsj1 -->
		</if>
	    <if test="cz_bh != null and cz_bh != ''">
		      AND cz_bh like '%${cz_bh}%'  <!-- cz_bh -->
		</if>
	    <if test="_mj != null and _mj != ''">
		      AND _mj like '%${_mj}%'  <!-- _mj -->
		</if>
	    <if test="hjr != null and hjr != ''">
		      AND hjr like '%${hjr}%'  <!-- hjr -->
		</if>
	    <if test="hjsj != null and hjsj != ''">
		      AND hjsj like '%${hjsj}%'  <!-- hjsj -->
		</if>
	    <if test="flag != null and flag != ''">
		      AND flag like '%${flag}%'  <!-- flag -->
		</if>
	    <if test="pch != null and pch != ''">
		      AND pch like '%${pch}%'  <!-- pch -->
		</if>
		<if test="sxjczt != null and sxjczt != ''">
			AND sxjczt like '%${sxjczt}%'  <!-- lx -->
		</if>
		<if test="sxjcjg != null and sxjcjg != ''">
			AND sxjcjg like '%${sxjcjg}%'  <!-- lx -->
		</if>
	    <if test="lx != null and lx != ''">
		      AND lx like '%${lx}%'  <!-- lx -->
		</if>
	</sql>
	
</mapper>